排名,游戏名称,性价比得分,归一化时长,修正好评率,正向化价格
1,"Warhammer 40,0.889954,1.000000,12.068467,0.000000
2,Hero Quest - God of Chaos,0.576738,0.677426,1.137390,0.112094
3,"7,0.370775,0.378488,4.278647,0.091445
4,"7,0.370775,0.378488,4.278647,0.091445
5,疾风猎人-上线送V10，超变独家版本,0.197332,0.215450,0.696994,0.000000
6,Crazy Stone Deep Learning -The First Edition-,0.183670,0.174089,0.881258,0.772861
7,苍之世界：迷途,0.181228,0.061823,6.339128,0.014749
8,Valiant Tactics,0.180892,0.195864,0.837206,0.064897
9,YUT YUT,0.168890,0.016413,6.339128,0.000000
10,Mate in Eleven,0.167666,0.009520,6.339128,0.000000
11,Tribloos 3,0.167275,0.006237,6.339128,0.038348
12,Alcyone: The Last City,0.167174,0.003720,6.339128,0.085546
13,Cthulhu's Catharsis,0.167078,0.003611,6.339128,0.073746
14,HEGGO/鸡蛋英雄,0.167059,0.005690,6.339128,0.000000
15,Cheaters Blackjack 21,0.167027,0.004924,6.339128,0.026549
16,Blightfell,0.167010,0.005362,6.339128,0.000000
17,Crystal Cosmos,0.166995,0.004596,6.339128,0.030973
18,101st Airborne in Normandy,0.166953,0.004267,6.339128,0.032448
19,Fruit Factory,0.166847,0.003064,6.339128,0.047198
20,Xon,0.166763,0.002954,6.339128,0.032448
21,VilleTown,0.166711,0.002626,6.339128,0.030973
22,One Life: Parkour Project,0.166709,0.002736,6.339128,0.026549
23,Day of the Trumplings,0.166701,0.002517,6.339128,0.032448
24,Block Wave VR,0.166610,0.001313,6.339128,0.048673
25,Armor Clash VR,0.166559,0.001532,6.339128,0.030973
26,Kingdom Elemental,0.166540,0.001641,6.339128,0.022124
27,幸存者之地,0.166535,0.001313,6.339128,0.032448
28,The Great Jitters: Pudding Panic,0.166469,0.000875,6.339128,0.030973
29,Desert Race Adventures,0.166442,0.000438,6.339128,0.038348
30,Legions of Ashworld,0.165044,0.178356,0.841994,0.032448
31,Industry Giant,0.163165,0.176277,0.813349,0.054572
32,LOGistICAL 2: France,0.155773,0.088631,4.728983,0.027286
33,Battle Siege Royale,0.149990,0.019586,5.519061,0.000000
34,CountUp,0.148581,0.011927,5.519061,0.000000
35,SnowBall FPS,0.148527,0.011599,5.519061,0.000000
36,废土华夏wasteland of east,0.148213,0.008207,5.519061,0.056047
37,Near Impact,0.148162,0.007988,5.519061,0.053097
38,40 Seconds,0.148121,0.009082,5.519061,0.000000
39,国王万岁(国王别饿死),0.147992,0.007222,5.519061,0.042773
40,Heroes of Issachar,0.147842,0.003283,5.519061,0.100295
41,Deck Box Dungeons,0.147790,0.006894,5.519061,0.000000
42,Scarytales: All Hail King Mongo,0.147616,0.005033,5.519061,0.029204
43,Eclipse Horde,0.147473,0.003173,5.519061,0.051622
44,Carpe Deal 'Em,0.147451,0.003720,5.519061,0.032448
45,Song of Nanzhao,0.147450,0.004486,5.519061,0.000000
46,Bubonic: Outbreak,0.147353,0.003611,5.519061,0.008850
47,In the beginning,0.147186,0.000766,5.519061,0.054572
48,Bombuzal,0.147129,0.000875,5.519061,0.041298
49,Fungus Reaper,0.147128,0.000985,5.519061,0.038348
50,Endless Defence 2,0.147121,0.001641,5.519061,0.016224
51,Age of Pixels,0.147113,0.001751,5.519061,0.008850
52,Life of a Capitalist,0.147108,0.000109,5.519061,0.054572
53,Eormor: Shattered Lands,0.147064,0.000875,5.519061,0.026549
54,英雄之旅,0.142795,0.154722,0.639945,0.026549
55,《鬼畜战记：金坷垃传说》,0.141467,0.151658,0.925776,0.000000
56,Axan Ships - Low Poly,0.131328,0.141044,0.821575,0.000000
57,NOBUNAGA'S AMBITION: Sengoku Gunyuuden,0.130714,0.017726,4.728983,0.100295
58,Janken Cards,0.130620,0.020024,4.728983,0.022124
59,New Yankee in King Arthur's Court 5,0.129722,0.014881,4.728983,0.041298
60,New Yankee 7: Deer Hunters,0.129625,0.014334,4.728983,0.041298
61,英雄之城3,0.129066,0.011927,4.728983,0.000000
62,Hotel Mogul: Las Vegas,0.128954,0.010286,4.728983,0.041298
63,New Yankee 6: In Pharaoh's Court,0.128903,0.009957,4.728983,0.041298
64,竹书纪年：三国志风云录,0.128887,0.009520,4.728983,0.050147
65,BlockAid,0.128734,0.000766,4.728983,0.147493
66,Rifle Storm,0.128516,0.005362,4.728983,0.079646
67,CheeseCatToe,0.128430,0.007769,4.728983,0.000000
68,Toricky,0.128313,0.004158,4.728983,0.073746
69,Bounders and Cads,0.128277,0.006675,4.728983,0.000000
70,COMBOTRONICA,0.128272,0.003611,4.728983,0.076991
71,Fantastic 4 In A Row 2,0.128208,0.006018,4.728983,0.008850
72,Galduen of the Void,0.128174,0.005909,4.728983,0.000000
73,Haunting Invitation,0.128031,0.004815,4.728983,0.000000
74,GoVenture MICRO BUSINESS,0.128031,0.004486,4.728983,0.016224
75,Brick Battalion,0.127942,0.002298,4.728983,0.053097
76,Deductum,0.127933,0.003173,4.728983,0.032448
77,Toby's Island,0.127914,0.001970,4.728983,0.054572
78,IdleZomb,0.127903,0.003283,4.728983,0.022124
79,Spelly Cat,0.127842,0.000875,4.728983,0.061947
80,Bugs!,0.127784,0.001641,4.728983,0.038348
81,Purple Noise Echo,0.127749,0.000000,4.728983,0.061947
82,Droppy Ball,0.127746,0.002298,4.728983,0.008850
83,Apollo 17 - Moonbuggy VR,0.127711,0.000109,4.728983,0.054572
84,Bunny Reversi,0.127645,0.001204,4.728983,0.016224
85,Infinite Random Defense,0.127564,0.000657,4.728983,0.008850
86,LIDAR Survival,0.127559,0.000219,4.728983,0.022124
87,Kittens Game,0.117424,0.123865,1.010879,0.048673
88,道法战传说,0.116306,0.123865,0.876701,0.017699
89,3D PUZZLE - PORT,0.114907,0.011817,1.037099,1.000000
90,3D PUZZLE - LAST OF CITY,0.114773,0.014991,0.930936,1.000000
91,我的桌面有只猫,0.111252,0.019258,3.977072,0.022566
92,SGS Battle For: Fort Donelson,0.110431,0.008097,3.977072,0.135693
93,Genghis Khan,0.110008,0.011161,3.977072,0.061947
94,T.B.M ~The Blueppers Mayhem~,0.109865,0.012146,3.977072,0.000000
95,Summer Resort Mogul,0.109777,0.010614,3.977072,0.041298
96,Space Chess,0.109758,0.011489,3.977072,0.000000
97,Cursed House 12,0.109491,0.006675,3.977072,0.076696
98,Abatron,0.109168,0.001641,3.977072,0.100295
99,魔物庄园,0.109015,0.005690,3.977072,0.026549
100,Hue Defense,0.108989,0.005252,3.977072,0.032448
101,Pillar of Salt,0.108935,0.001860,3.977072,0.076696
102,Cross Death  VR,0.108886,0.002298,3.977072,0.066372
103,Martians Vs Robots,0.108882,0.004924,3.977072,0.016224
104,Base Raid,0.108835,0.003939,3.977072,0.032448
105,Gate One,0.108810,0.003720,3.977072,0.032448
106,Your Spaceport!,0.108735,0.000000,3.977072,0.074174
107,Pahelika: Secret Legends,0.108720,0.002517,3.977072,0.039823
108,Data mining 0,0.108695,0.003283,3.977072,0.016224
109,Wills and Wonders,0.108642,0.000875,3.977072,0.053097
110,回卷球 Bandage Rewind,0.108639,0.001970,3.977072,0.035398
111,GraFi 2,0.108617,0.002845,3.977072,0.004543
112,Our Dear Kingdom,0.108602,0.001751,3.977072,0.032448
113,打击者打字游戏集（Striker A Type Game Pack）,0.108573,0.001860,3.977072,0.023584
114,Carrom Slam!,0.108569,0.001094,3.977072,0.038348
115,Gridfall,0.108503,0.000109,3.977072,0.042773
116,蹩脚的炼金术师(Incompetent Alchemist),0.108503,0.001422,3.977072,0.016224
117,Echoes of MK-ULTRA,0.107286,0.111719,1.116519,0.000000
118,Fractured State,0.095268,0.028997,3.274779,0.008850
119,A Verdant Hue,0.091530,0.000657,3.274779,0.147493
120,Task Force 9,0.091150,0.003611,3.274779,0.112094
121,Soukh,0.090781,0.005580,3.274779,0.067847
122,青岚血枫,0.090739,0.008097,3.274779,0.014749
123,LUXIS,0.090609,0.006565,3.274779,0.030973
124,Emberdoom,0.090555,0.004815,3.274779,0.053097
125,第四空间Fourth Space,0.090459,0.004377,3.274779,0.047198
126,Quest For Wartorn Brotherhood,0.090397,0.004705,3.274779,0.032448
127,Board Defenders,0.090365,0.004486,3.274779,0.030973
128,Royal Class Poker,0.090299,0.001422,3.274779,0.061947
129,战略三国,0.090260,0.004486,3.274779,0.000000
130,Poly Mole,0.090230,0.004049,3.274779,0.008850
131,绛河之上 Under Supernova,0.090194,0.001532,3.274779,0.048673
132,The Girl Who Kicked a Rabbit,0.090185,0.000000,3.274779,0.061947
133,Inbound UFO,0.090074,0.000985,3.274779,0.038348
134,Scoundrel Solitaire,0.090067,0.002407,3.274779,0.008850
135,YYDS成神之路,0.090049,0.001970,3.274779,0.016224
136,Picket Line,0.090043,0.001641,3.274779,0.022124
137,Solstice,0.090043,0.001641,3.274779,0.022124
138,Text Twist Classic,0.089978,0.000875,3.274779,0.022124
139,Neon Fantasy: Animals,0.089956,0.000875,3.274779,0.016224
140,College Baseball: Dynasty Builder,0.088589,0.089178,1.057064,0.135693
141,"""Going Up?""",0.083866,0.087099,0.921635,0.000000
142,Rugby Union Team Manager 2017,0.082382,0.084364,0.544059,0.200590
143,First Day,0.079763,0.085677,0.518473,0.000000
144,Jagged Alliance 1: Gold Edition,0.078007,0.079659,0.958250,0.053097
145,Tank Rectangle,0.077564,0.026152,2.638643,0.000000
146,Katana,0.076236,0.080315,0.725807,0.000000
147,Shuttle Siege,0.075472,0.018164,2.638643,0.032448
148,MANIC MINERS,0.074719,0.015210,2.638643,0.016224
149,Tactics: Bludgeons Blessing,0.074391,0.007659,2.638643,0.103245
150,Day of Destruction,0.073896,0.007550,2.638643,0.073746
151,Little Savior / リトルセイバー,0.073753,0.002079,2.638643,0.101770
152,Just Move Fall Dungeon Endless Abyss,0.073677,0.003283,2.638643,0.091445
153,Fall of Freya (Alpha 1),0.073635,0.000875,2.638643,0.100295
154,Asdivine Menace,0.073566,0.006018,2.638643,0.063422
155,Bloxiq VR,0.073546,0.005033,2.638643,0.070796
156,寻道,0.073518,0.007878,2.638643,0.032448
157,Illusion of L'Phalcia,0.073233,0.002845,2.638643,0.063422
158,Body & Soul,0.073203,0.006456,2.638643,0.000000
159,Shout Of Survival,0.073174,0.005143,2.638643,0.032448
160,ACardShooter,0.073161,0.002407,2.638643,0.060472
161,Tank Tread,0.073071,0.002298,2.638643,0.053097
162,Night Vigil,0.073070,0.004267,2.638643,0.030973
163,Blackjack Simulator 2025,0.073045,0.000657,2.638643,0.061947
164,Galaxy of Trian Board Game,0.073037,0.003939,2.638643,0.030973
165,Very Real Chess,0.073028,0.004815,2.638643,0.008850
166,Falnarion Tactics II,0.073017,0.001422,2.638643,0.054572
167,指尖烟花,0.073012,0.004815,2.638643,0.000000
168,Tribocalypse VR,0.073000,0.002736,2.638643,0.041298
169,最后的净化,0.072994,0.003392,2.638643,0.032448
170,Link the Animals,0.072970,0.004267,2.638643,0.008850
171,MegaFactory Tycoon,0.072957,0.002517,2.638643,0.038348
172,Real Man Got 100 |  是男人上100层,0.072948,0.004049,2.638643,0.008850
173,?Shattered Lands (破碎之地),0.072948,0.001970,2.638643,0.042773
174,Astonishing Baseball 2019,0.072941,0.000328,2.638643,0.054572
175,Watchstander: Surface Warfare Officer Training Simulator,0.072896,0.000547,2.638643,0.048673
176,Math & Topology,0.072810,0.002298,2.638643,0.016224
177,Astro4x,0.072780,0.000766,2.638643,0.032448
178,嘣境回收战,0.072737,0.074844,0.794421,0.085546
179,Chasing rabbits in snow,0.072687,0.000657,2.638643,0.016224
180,Combat Mission: Red Thunder,0.069872,0.025823,0.859304,0.527139
181,Langrisser I & II,0.065956,0.025823,0.734937,0.498525
182,Guard the Tower!,0.061315,0.042565,1.678256,0.061947
183,7 Wonders: Magical Mystery Tour,0.060150,0.057446,1.049960,0.041298
184,Franchise Hockey Manager 6,0.059870,0.059525,0.792333,0.103245
185,Vincere Totus Astrum,0.059703,0.014881,2.093474,0.026549
186,Mythic Victory Arena,0.058451,0.008425,2.093474,0.030973
187,Strategic Command: World War I,0.058394,0.039829,0.918883,0.322566
188,Snow Fortress 2,0.058375,0.000547,2.093474,0.085546
189,Dark Miasma,0.058335,0.003064,2.093474,0.073746
190,Lectrovolt II,0.058209,0.007222,2.093474,0.022124
191,Galactic Command Echo Squad SE,0.058205,0.003720,2.093474,0.061947
192,Rally Racers,0.058194,0.003830,2.093474,0.060472
193,Aries,0.058186,0.001094,2.093474,0.073746
194,Il Sole e la Luna,0.058147,0.007003,2.093474,0.016224
195,Rapture,0.058062,0.005909,2.093474,0.026549
196,XR22-SEAGUARD,0.058061,0.000657,2.093474,0.067847
197,BAFF 2,0.058016,0.006018,2.093474,0.016224
198,Tank Defense Division,0.058011,0.002954,2.093474,0.053097
199,FISH LAKE,0.057977,0.002298,2.093474,0.054572
200,Food Facility,0.057918,0.005580,2.093474,0.000000
201,ZomB,0.057896,0.004049,2.093474,0.032448
202,Elves vs Goblins Defender,0.057886,0.001313,2.093474,0.053097
203,Second Coming,0.057840,0.000547,2.093474,0.053097
204,Fourtex Jugo,0.057832,0.003392,2.093474,0.032448
205,Neon Fantasy: Furries,0.057814,0.004267,2.093474,0.016224
206,篮球经理模拟器,0.057810,0.004486,2.093474,0.008850
207,Candy Thieves - Tale of Gnomes,0.057780,0.003611,2.093474,0.022124
208,Castra,0.057774,0.002736,2.093474,0.032448
209,ADM 2(WHEN WORLDS COLLIDE),0.057732,0.003720,2.093474,0.008850
210,Monkey Math,0.057692,0.002626,2.093474,0.022124
211,Smart Gecko,0.057669,0.001970,2.093474,0.026549
212,Impeached 2,0.057654,0.001094,2.093474,0.032448
213,鸿门一宴(Malicious Dinner),0.057652,0.002845,2.093474,0.008850
214,Beaver TD,0.057646,0.001641,2.093474,0.026549
215,Tank Battle Heroes: Esports War,0.057634,0.002626,2.093474,0.008850
216,Franchise Wars,0.057627,0.002188,2.093474,0.016224
217,Anticorps VR,0.057608,0.002298,2.093474,0.008850
218,黄忠传,0.057601,0.001532,2.093474,0.020649
219,SAMUKID,0.057596,0.000875,2.093474,0.026549
220,Robots In The Wild,0.057575,0.001860,2.093474,0.008850
221,Murder At The House,0.057562,0.000766,2.093474,0.022124
222,Trials Of Randoom,0.057550,0.001422,2.093474,0.010619
223,Maginet,0.057549,0.000000,2.093474,0.026549
224,The Four Paths,0.057537,0.001313,2.093474,0.008850
225,UWD - You Will Die!,0.057530,0.001204,2.093474,0.008850
226,Cosmic Scramble,0.057526,0.000109,2.093474,0.022124
227,Push Defense,0.057512,0.000438,2.093474,0.016224
228,Magic Seeker: a mimic's odyssey - chapter 1,0.057507,0.000328,2.093474,0.016224
229,逃离恶魔岛,0.057507,0.000328,2.093474,0.016224
230,DPS IDLE 2,0.057238,0.060729,0.519938,0.000000
231,Perfect Golf,0.057184,0.056242,0.655123,0.147493
232,Fritz Chess 14,0.056226,0.051209,0.736937,0.200590
233,Idle: Multipliers,0.053385,0.052632,0.855487,0.016224
234,Medieval simulators: Tavern,0.053081,0.026589,1.678256,0.070782
235,Global ATC Simulator,0.051771,0.049021,0.653680,0.160767
236,Mixed Unit Tactics,0.049931,0.020352,1.678256,0.022124
237,A-Train PC Classic,0.049710,0.031623,0.784763,0.292035
238,Super Words,0.048887,0.040814,1.152655,0.032448
239,Decisive Campaigns: The Blitzkrieg from Warsaw to Paris,0.048123,0.018602,0.902671,0.322566
240,Combat Helicopter- Surgical Strike,0.047500,0.003283,1.678256,0.103245
241,Ark Nova,0.047209,0.039392,0.934419,0.146018
242,The Infinite Black,0.047192,0.047817,0.680497,0.000000
243,Close Combat - Gateway to Caen,0.047078,0.022760,0.690477,0.322566
244,Decktoon,0.046770,0.009410,1.678256,0.000000
245,Rugby Union Team Manager 2015,0.046715,0.046066,0.581203,0.112094
246,Master Of Marbles,0.046589,0.007003,1.678256,0.038348
247,Eslander Alpha,0.046412,0.002407,1.678256,0.061947
248,Armies of Riddle CLASSIC,0.046399,0.007222,1.678256,0.008850
249,DomiDo,0.046357,0.003283,1.678256,0.054572
250,Mech and Tech 1,0.046289,0.000438,1.678256,0.061947
251,House of Alice,0.046168,0.001094,1.678256,0.053097
252,Home A Drone,0.046163,0.000547,1.678256,0.054572
253,Carteado,0.046132,0.004815,1.678256,0.022124
254,50 Years,0.046097,0.003173,1.678256,0.036873
255,XD CLICKER,0.046089,0.005033,1.678256,0.008850
256,Dungeon Shooter 2,0.046010,0.002736,1.678256,0.032448
257,Devils Due,0.046007,0.004486,1.678256,0.000000
258,The Inescapable Nightmare,0.046001,0.002626,1.678256,0.032448
259,Horror Ville Maze Escape,0.046000,0.004267,1.678256,0.008850
260,Neon D-Fence Remaster,0.045959,0.002079,1.678256,0.032448
261,Hexaverse,0.045943,0.001860,1.678256,0.032448
262,Puzzling Rooms VR,0.045920,0.003501,1.678256,0.008850
263,momatron,0.045887,0.001860,1.678256,0.026549
264,Pirate Chest Chess,0.045847,0.002298,1.678256,0.016224
265,Pumuckl and the Crown of the Pirate King,0.045827,0.000766,1.457965,0.199115
266,重生之再战高考 Reborn: Examine Again,0.045815,0.002298,1.678256,0.008850
267,49 Squares,0.045810,0.001204,1.678256,0.022124
268,Simple Fear,0.045793,0.001532,1.678256,0.016224
269,Buildy Stacky 2,0.045786,0.001422,1.678256,0.016224
270,Lisle Engle Heavy Distance,0.045761,0.001532,1.678256,0.008850
271,Rummix,0.045723,0.000219,1.678256,0.016224
272,NextNight,0.045717,0.000766,1.678256,0.008850
273,Battle Line the Rise of War,0.045696,0.000328,1.678256,0.008850
274,7 Wonders of the Ancient World,0.045155,0.041033,0.923651,0.041298
275,TREBUCHET,0.045055,0.042565,0.841029,0.036873
276,Zombiflux: Sleepless War,0.044877,0.046723,0.540269,0.000000
277,Grow Defense,0.043775,0.042565,0.766451,0.000000
278,SUSPECTO,0.043536,0.018602,1.457965,0.038348
279,Backroom: Constructions,0.042977,0.000438,1.457965,0.146018
280,Civil War II,0.042702,0.031294,0.792999,0.200590
281,Battle Academy 2: Eastern Front,0.042470,0.026480,0.956655,0.200590
282,CHEXS,0.041771,0.012912,1.457965,0.045723
283,Flashpoint Campaigns: Red Storm Player's Edition,0.041641,0.019696,0.885952,0.247788
284,Commander: The Great War,0.041474,0.033264,0.794686,0.159292
285,梦塔防,0.041102,0.042346,0.549379,0.000000
286,Black Moon Chronicles,0.040766,0.031732,1.057064,0.036873
287,Sel Mounta-Siege the Demon Castle,0.040550,0.000000,1.457965,0.082596
288,Absolute Rummy for Windows 11,0.040509,0.002188,1.457965,0.076696
289,Narazumono,0.040484,0.000438,1.457965,0.079646
290,Ashen Destiny,0.040159,0.000219,1.457965,0.067242
291,Poly Jigsaw: Dogs,0.040013,0.006456,1.457965,0.016224
292,Alien Kingdom,0.040013,0.004924,1.457965,0.038348
293,Strategy game but with a penguin who has a sword,0.039917,0.002517,1.457965,0.048673
294,A列車で行こう8,0.039892,0.013349,0.916519,0.247788
295,Doomsday.Inc,0.039883,0.002079,1.457965,0.048673
296,NDE Rescue,0.039809,0.001751,1.457965,0.045723
297,BrainRot Battle,0.039807,0.000875,1.457965,0.048673
298,Grimalkin: Solar Defense Force,0.039800,0.001204,1.457965,0.047198
299,英雄试炼,0.039760,0.003392,1.457965,0.032448
300,Roboden,0.039756,0.002517,1.457965,0.038348
301,Lead To Gold,0.039754,0.003939,1.457965,0.026549
302,Orbit: Satellite Defense,0.039742,0.003830,1.457965,0.026549
303,Under Spire 尖塔自走棋,0.039731,0.004377,1.457965,0.017699
304,Dungeon Rebound,0.039698,0.004486,1.457965,0.008850
305,生存启示录：终末之日,0.039677,0.001422,1.457965,0.038348
306,Horresco Referens,0.039659,0.000219,1.457965,0.041298
307,Card RPG Orphan,0.039617,0.000219,1.457965,0.038348
308,Perfect Diamond,0.039613,0.000109,1.457965,0.038348
309,Rogue Cave,0.039613,0.000109,1.457965,0.038348
310,CyberPong AI,0.039577,0.003392,1.457965,0.008850
311,Pro Rugby Manager 2015,0.039575,0.042784,0.240354,0.005310
312,Sealing Tower,0.039566,0.003283,1.457965,0.008850
313,Yaarmi Tycoon,0.039565,0.000766,1.457965,0.032448
314,C.A.T.S. - Carefully Attempting not To Screw up,0.039542,0.002626,1.457965,0.016224
315,Rampart Tactics,0.039542,0.002626,1.457965,0.016224
316,Ivan,0.039541,0.000219,1.457965,0.032448
317,The Maze Wars,0.039506,0.002626,1.457965,0.008850
318,Break them all,0.039498,0.002079,1.457965,0.016224
319,Fakespearean: Overdramatic,0.039496,0.002517,1.457965,0.008850
320,Wrath of the Samurai,0.039496,0.002517,1.457965,0.008850
321,Cooking Pix,0.039496,0.000657,1.457965,0.026549
322,Puzzle Adventures,0.039487,0.002407,1.457965,0.008850
323,Ramen,0.039473,0.000109,1.457965,0.026549
324,终极目标,0.039470,0.002188,1.457965,0.008850
325,考试 Exam,0.039466,0.001970,1.457965,0.011785
326,Space Tower,0.039447,0.001313,1.457965,0.016224
327,Battleships Combat: Evolved,0.039437,0.000219,1.457965,0.022124
328,Vikings Hnefatafl: Kings of the Dark Age,0.039435,0.001094,1.457965,0.016224
329,神经联结(Neural Nexus),0.039424,0.001532,1.457965,0.008850
330,Perfect,0.039411,0.001313,1.457965,0.008850
331,Star Defence,0.039411,0.001313,1.457965,0.008850
332,弈人寻梦,0.039411,0.001313,1.457965,0.008850
333,Yard Sale Simulator,0.039407,0.030966,1.011179,0.042773
334,翻转的梦 FlippedDream,0.039399,0.000328,1.457965,0.016224
335,Elements: Path of the Wizard,0.039378,0.000000,1.457965,0.014808
336,Vinios,0.039376,0.000657,1.457965,0.008850
337,Defense Zone 2,0.038938,0.034249,0.873012,0.026549
338,Easter Clicker: Idle Manager,0.038179,0.035234,0.790262,0.000000
339,Mystery Solitaire Grimm's tales 2,0.037765,0.025386,1.049853,0.085546
340,Incredible Dracula 3: Family Secret,0.037528,0.024839,1.101770,0.041298
341,Avernum 4: Greed and Glory,0.037363,0.029434,0.954782,0.049558
342,客栈传说,0.037230,0.033045,0.814526,0.041298
343,喵喵大战死剩种,0.036160,0.027574,0.942646,0.061947
344,WarPlan,0.035930,0.018164,0.814037,0.200590
345,Cooking Trip: Back on the road,0.035835,0.025167,0.965841,0.085546
346,Music Wars Empire,0.035834,0.035562,0.507747,0.070796
347,To End All Wars,0.035781,0.023307,0.631652,0.200590
348,Children of a Dead Earth,0.035777,0.025386,0.903686,0.112094
349,Mundus - Impossible Universe 2,0.034546,0.021556,1.042445,0.053097
350,Heart of Crown PC,0.034531,0.025823,0.807058,0.117994
351,Epic Tavern,0.034422,0.030747,0.576659,0.115044
352,Advanced Tactics Gold,0.034061,0.018164,0.878437,0.159292
353,Romance of the Three Kingdoms V with Power Up Kit,0.033938,0.025933,0.815961,0.100295
354,Armored Brigade,0.033887,0.018383,0.882311,0.153982
355,Romance of the Three Kingdoms II,0.033869,0.026261,0.871614,0.061947
356,Baseball Mogul Diamond,0.033385,0.022103,0.958260,0.070796
357,5Leaps (Space Tower Defense),0.033087,0.018383,1.074265,0.000000
358,Werewolves Within?,0.032993,0.024510,0.672484,0.144543
359,Clan monsters,0.032952,0.006675,1.183186,0.061947
360,HEBEREKE!: March! Red Army Girls' Brigade,0.032941,0.026042,0.875672,0.000000
361,Gardens Inc. 2: The Road to Fame,0.032926,0.016741,1.072513,0.053097
362,Making History: The Great War,0.032786,0.020024,0.759994,0.159292
363,Jockey Rush,0.032668,0.010942,1.078536,0.103230
364,Mossroot,0.032603,0.006456,1.144621,0.085546
365,Galacticare,0.032507,0.010723,0.866028,0.179941
366,Praetorians - HD Remaster,0.032213,0.013568,0.923779,0.146018
367,Dark Legions,0.032194,0.008425,1.161635,0.038348
368,A Duel Hand Disaster: Trackher,0.032125,0.004815,1.171737,0.054572
369,Balance Breakers - A Battle Party Game,0.031867,0.000328,1.144621,0.084071
370,Hegemony III: Clash of the Ancients,0.031692,0.019586,0.817265,0.129794
371,Tabletop Fantasy War,0.031673,0.000109,1.171737,0.053097
372,Devil's Deck,0.031614,0.027902,0.660394,0.072271
373,GOD'S GIFT,0.031596,0.003064,1.144621,0.070796
374,Yet Another Hero Legend 英雄传说又一则,0.031564,0.002517,1.183186,0.016224
375,Inklings,0.031546,0.021994,0.930539,0.000000
376,飞仙诀(福利版)-上线送V15+万元真充+无限抽奖,0.031542,0.029106,0.675651,0.000000
377,Delven,0.031537,0.018711,0.969218,0.061947
378,Viking Heroes 4,0.031531,0.012255,1.094877,0.042773
379,Lonely Path,0.031347,0.003720,1.161635,0.038348
380,Hermes: The Fury of Megaera,0.031288,0.009520,1.116519,0.042773
381,New Yankee in King Arthur's Court 4,0.031170,0.018492,0.979322,0.041298
382,The Abyss Within,0.031130,0.009301,1.119469,0.032448
383,Airborne Empire,0.031088,0.009082,0.895153,0.159292
384,Wars and Warriors: Joan of Arc,0.031072,0.020133,0.938629,0.041298
385,Zone 10,0.031059,0.016632,1.027408,0.000000
386,Grey Heritage: Noble Duty,0.031056,0.010942,1.049853,0.082596
387,Viking Sisters,0.030984,0.007441,1.124900,0.041298
388,Agarest: Generations of War 2,0.030945,0.026808,0.592162,0.100295
389,GluMe,0.030808,0.001860,1.152655,0.032448
390,小水族馆,0.030806,0.023416,0.849853,0.024336
391,Saikyo Robots,0.030764,0.001204,1.152655,0.032448
392,Emoji TD,0.030666,0.007769,1.116519,0.032448
393,Bandit Kings of Ancient China,0.030647,0.020133,0.898043,0.061947
394,Combo Master,0.030630,0.001204,1.144621,0.038348
395,Pixel Puzzles Traditional Jigsaw Puzzles,0.030542,0.025933,0.757242,0.000000
396,Toy Zombies,0.030499,0.000547,1.144621,0.032448
397,The Penguin Factory,0.030386,0.003939,1.137390,0.016224
398,ADAPTR,0.030376,0.003720,1.094877,0.073746
399,Romance of the Three Kingdoms,0.030373,0.022650,0.814945,0.061947
400,Matris,0.030268,0.004486,1.124900,0.030973
401,ReignMaker,0.030214,0.008644,0.886323,0.151475
402,Emerland Solitaire: Endless Journey,0.030159,0.024182,0.801182,0.000000
403,Avernum 2: Crystal Souls,0.030120,0.013787,0.942491,0.100295
404,Hopping Up for It,0.030091,0.000328,1.130847,0.032448
405,Hidden Dimensions 3,0.030085,0.021665,0.874782,0.000000
406,The Necromancer Cometh! TD,0.030019,0.009848,1.018508,0.085546
407,Pandora: First Contact,0.030019,0.018820,0.628639,0.159292
408,The Wild at Heart,0.030010,0.009957,0.954332,0.117994
409,Buzz Aldrin's Space Program Manager,0.029959,0.014444,0.749661,0.159292
410,Operation: New Earth,0.029956,0.028450,0.605762,0.000000
411,Cypress Inheritance: The Beginning,0.029937,0.001860,0.484890,0.233038
412,DROD: Gunthro and the Epic Blunder,0.029931,0.017289,0.942484,0.053097
413,Linklight,0.029920,0.001970,1.105684,0.054572
414,NOBUNAGA'S AMBITION: Bushou Fuunroku,0.029886,0.018273,0.841323,0.100295
415,Vesna,0.029878,0.007769,1.098105,0.000000
416,Power Network Tycoon,0.029865,0.005033,1.053372,0.085546
417,Hostile Takeover,0.029818,0.001970,1.084890,0.070796
418,富甲天下2,0.029813,0.016632,0.966281,0.035398
419,BossHunter VR,0.029802,0.000000,1.098105,0.061740
420,Restaurant Scramble,0.029788,0.007222,1.094877,0.022124
421,DYSTORIA,0.029787,0.004267,1.024915,0.103245
422,深入龙巢,0.029782,0.004815,1.102987,0.036873
423,Chess Evolved Online,0.029763,0.019586,0.914132,0.000000
424,Drox Operative,0.029763,0.014334,0.892042,0.112094
425,Gardens Inc. – From Rakes to Riches,0.029746,0.015538,0.968519,0.053097
426,Alea Jacta Est,0.029638,0.015319,0.726253,0.155752
427,BlueCloud Summit,0.029581,0.007441,1.025556,0.085546
428,Battle Academy,0.029546,0.018383,0.853968,0.085546
429,Etherlords II,0.029522,0.020899,0.859479,0.030973
430,Rescue Team: Lights. Camera. Outer Space,0.029488,0.010504,1.041112,0.042773
431,EVERDAWN,0.029467,0.000219,1.085868,0.061947
432,Lord of Dwarves,0.029415,0.018164,0.821971,0.100295
433,Incredible Dracula 4: Games Of Gods,0.029402,0.014334,0.986426,0.041298
434,元素战争2,0.029362,0.016194,0.858260,0.103245
435,EarthX,0.029293,0.010942,0.925829,0.112094
436,Super Hero League of Hoboken,0.029273,0.004158,1.085673,0.041298
437,KOTH,0.029201,0.003611,1.085673,0.041298
438,Fritz for Fun 13,0.029089,0.014553,0.858260,0.112094
439,Cozy Factory,0.029008,0.000547,1.098105,0.022124
440,Tumblestone,0.028999,0.012146,0.888982,0.115044
441,Uprising 2: Lead and Destroy,0.028953,0.003501,1.077514,0.041298
442,Pozzo Jello Crusade,0.028946,0.004158,1.084890,0.022124
443,Marshals of Yore,0.028940,0.005909,1.078536,0.008112
444,Star General,0.028931,0.010833,1.020269,0.038348
445,Burnstar,0.028929,0.004486,1.078536,0.030973
446,Uh Oh Bartender,0.028915,0.001641,1.094877,0.016224
447,Sunday League Manager: Horse and Spoon,0.028899,0.002298,1.085673,0.032448
448,Tower of Archeos,0.028823,0.007331,1.011521,0.076696
449,叛逆AI放置征服,0.028795,0.004596,1.072513,0.032448
450,Yomi,0.028719,0.019805,0.805652,0.070796
451,Avalon Legends Solitaire 2,0.028718,0.015975,0.919243,0.053097
452,Cascadia,0.028696,0.005252,0.994168,0.094381
453,Making it Home,0.028695,0.003064,1.020289,0.085546
454,创意咖啡店物语 (Cafe Master Story),0.028690,0.013896,0.951999,0.056047
455,Football Mogul 15,0.028686,0.015100,0.911838,0.070796
456,Graviteam Tactics: Operation Star,0.028670,0.012474,0.828941,0.129794
457,The Most Epicest Snowball Fight Ever!,0.028658,0.010176,1.031800,0.000000
458,Reverse Fishing,0.028632,0.001532,1.078536,0.032448
459,Hot Girls Delivery Club,0.028631,0.000766,1.084890,0.022124
460,Sawmania,0.028626,0.009191,1.041112,0.000000
461,Too Many Sheep,0.028559,0.000438,1.084890,0.016224
462,Diamond Joyce and the Secret of Crystal Cave,0.028526,0.005033,1.057064,0.038348
463,Momon: Relic Seekers,0.028521,0.000547,1.041635,0.070796
464,Winter Resort Simulator,0.028503,0.015319,0.816112,0.112094
465,The Lost VR,0.028501,0.000547,1.037099,0.073746
466,Firefight,0.028398,0.012693,0.861468,0.112094
467,Moekuri: Adorable + Tactical SRPG,0.028377,0.015210,0.880296,0.081121
468,Bearnard,0.028362,0.003064,0.998373,0.091445
469,迷宫破坏者 切蒲英,0.028339,0.007112,1.016195,0.060472
470,Militia 2,0.028291,0.005362,1.055090,0.023599
471,Thirty Years' War,0.028250,0.011270,0.723284,0.159292
472,A Day in the Woods,0.028202,0.004486,1.053372,0.030973
473,Warrior Kings: Battles,0.028191,0.014772,0.920624,0.053097
474,Defense Zone 3 Ultra HD,0.028153,0.020024,0.797641,0.054572
475,Australian Football Coach 2020,0.028141,0.019477,0.782288,0.073746
476,Runestone Keeper,0.028129,0.019039,0.825234,0.053097
477,War of the Human Tanks - ALTeR,0.028129,0.008316,0.976720,0.076696
478,Timemelters,0.028102,0.004596,0.940050,0.112094
479,Goblin Camp,0.028091,0.006018,0.929732,0.112094
480,Haunted ROM: The Lost Cartridge,0.028007,0.000438,1.034094,0.061947
481,Novus Orbis,0.027966,0.007769,0.989964,0.066372
482,Obversion,0.027921,0.002954,1.032390,0.054572
483,Card Quest,0.027912,0.016194,0.880204,0.054572
484,Star Ruler 2,0.027898,0.015100,0.815561,0.103245
485,Cento,0.027894,0.008207,0.988619,0.061947
486,Steel Armor: Blaze of War,0.027856,0.009301,0.840428,0.129794
487,Black Legend,0.027849,0.020681,0.656577,0.103245
488,守个蛋,0.027849,0.006894,1.031800,0.016224
489,Waddle Home,0.027808,0.000438,1.052118,0.032448
490,Sneak In: a sphere matcher game,0.027801,0.006675,1.031800,0.016224
491,Rescue Team 6,0.027783,0.013678,0.934890,0.041298
492,Viking Brothers 5,0.027782,0.006346,1.020269,0.041298
493,Forgetful Dictator,0.027749,0.014772,0.932679,0.000000
494,Patterns Of The Oak,0.027740,0.001860,1.052118,0.022124
495,Time Rifters,0.027721,0.015975,0.878537,0.053097
496,Star Vikings Forever,0.027704,0.005362,1.015388,0.051622
497,Has-Been Heroes,0.027650,0.015428,0.804386,0.100295
498,绝育大师,0.027631,0.001751,1.046700,0.026549
499,GraFi,0.027630,0.004267,1.041112,0.016224
500,Insane Robots,0.027614,0.004705,0.939469,0.103245
501,That's Pretty Clever,0.027583,0.004705,1.029912,0.032448
502,Fortune Seller,0.027537,0.001970,1.035859,0.038496
503,The Crawling Dead,0.027524,0.004815,1.037099,0.000000
504,War of the Human Tanks - Limited Operations,0.027523,0.006784,0.987696,0.061947
505,Godzilla Voxel Wars,0.027512,0.005033,0.966503,0.085546
506,jwing - the next puzzle game,0.027506,0.004705,1.037099,0.000000
507,Iron Ruler,0.027501,0.010614,0.985164,0.000000
508,Rise of Prussia Gold,0.027484,0.007550,0.891806,0.112094
509,Red is Dead - The Complex Fun Random Level Fast Strategy Game,0.027462,0.004815,1.032390,0.016224
510,Fairytale Solitaire: Red Riding Hood,0.027461,0.016194,0.887038,0.025664
511,Battles of Norghan,0.027429,0.007878,0.984530,0.053097
512,Perimeter: Emperor's Testament,0.027397,0.017945,0.845185,0.026549
513,超战星空,0.027385,0.001970,0.993960,0.073746
514,SUPRACORE,0.027384,0.000766,1.037099,0.032448
515,Ghoul Smash,0.027368,0.005909,1.018148,0.026549
516,亚祖荒漠,0.027365,0.002407,0.973956,0.085546
517,Orders Of The Ruler,0.027361,0.001641,0.808694,0.151917
518,Command HQ,0.027346,0.006346,1.008129,0.036873
519,Ascension to the Throne,0.027309,0.014444,0.916173,0.022124
520,英雄群侠传,0.027307,0.014334,0.915751,0.026549
521,Blind Fishes,0.027301,0.000657,1.041635,0.016224
522,Fat Chicken,0.027301,0.004267,1.032390,0.000000
523,Rags to Liches,0.027284,0.005580,1.024207,0.000000
524,Defend the Highlands: World Tour,0.027248,0.013896,0.917362,0.032448
525,Arctic Digger TCG Collection,0.027233,0.011161,0.929939,0.061947
526,星陨传说：流浪者的故事 Meteorfall: Krumit's Tale,0.027159,0.011599,0.904348,0.073746
527,On The Road - The Truck Simulator,0.027154,0.016632,0.505667,0.159292
528,A Good Snowman Is Hard To Build,0.027152,0.002845,0.964487,0.085546
529,Power Brain Trainer,0.027150,0.005143,0.987778,0.060472
530,DoomAI,0.027141,0.003283,1.021542,0.032448
531,PlanetFate,0.027120,0.000328,1.031800,0.026549
532,Unibat,0.027114,0.000547,1.037099,0.009204
533,大猩猩接龙,0.027112,0.001641,1.011521,0.051180
534,Industry Giant 2,0.027098,0.015428,0.864037,0.053097
535,Your Island -KIMI NO SIMA-,0.027028,0.014991,0.835357,0.076696
536,Isotiles 2,0.027026,0.002736,1.024926,0.022124
537,Imperium Galactica II,0.027021,0.014662,0.875838,0.053097
538,Player Goes Jump,0.027015,0.009082,0.985164,0.000000
539,Trials of Guinevere,0.027013,0.005799,0.987993,0.051622
540,TransOcean: The Shipping Company,0.027001,0.015319,0.744918,0.112094
541,Fake Colours,0.026997,0.005362,0.963695,0.073746
542,RoboCo,0.026994,0.013240,0.889089,0.061947
543,Witchtastic,0.026983,0.006675,0.923964,0.091445
544,Ukrainian Warfare: Gostomel Heroes,0.026965,0.008754,0.913663,0.085546
545,It Stares Back,0.026964,0.008754,0.957474,0.054572
546,Darkway: Murder of King Mere,0.026948,0.001860,1.007545,0.048673
547,Transport Giant,0.026941,0.023307,0.620824,0.053097
548,Dragon Call,0.026927,0.021228,0.741241,0.000000
549,Conflict of Heroes: Awakening the Bear,0.026926,0.004267,0.745616,0.159292
550,Ma3,0.026918,0.003830,0.985164,0.061947
551,海参大作战,0.026914,0.003283,0.976296,0.070796
552,Freshly Frosted,0.026914,0.004705,0.988501,0.054572
553,Fleet Commander: Pacific,0.026866,0.006456,0.862187,0.117994
554,Sokobond,0.026847,0.004377,0.945751,0.085546
555,WitchHand,0.026834,0.010942,0.905449,0.070796
556,Operation Valor,0.026832,0.008644,0.972702,0.032448
557,Winged Sakura: Mindy's Arc,0.026823,0.016632,0.814822,0.061932
558,Blacklist Brigade,0.026803,0.005471,0.971496,0.061947
559,Demon Loop,0.026796,0.002736,0.965841,0.076696
560,Kingmaker Academy: Warrior's Duels,0.026780,0.001094,1.024915,0.008850
561,Hexus,0.026775,0.010614,0.940325,0.042773
562,Imagine Earth,0.026765,0.007550,0.794706,0.135693
563,梦幻引擎：游牧城市,0.026749,0.016304,0.737533,0.101770
564,ATLAS レジェンドパック,0.026734,0.000875,0.837390,0.135693
565,VR Battle Grid,0.026676,0.012146,0.934565,0.000000
566,Rooks Keep,0.026627,0.003611,0.989912,0.048673
567,Light Hunters: Battalion of Darkness,0.026600,0.017617,0.827778,0.000000
568,Mittelland AD,0.026583,0.002517,0.998134,0.042478
569,The Enlightened League of Bone Builders and the Osseous Enigma,0.026575,0.017945,0.818757,0.000000
570,Speakeasy Simulator,0.026561,0.002954,0.964950,0.070796
571,Signs of the Sojourner,0.026556,0.004596,0.899130,0.103245
572,Mate'Morphosis,0.026553,0.001422,1.012566,0.022124
573,Hidden in Plain Sight,0.026461,0.003501,0.993151,0.038348
574,Hills Of Glory 3D,0.026460,0.006128,0.982515,0.030973
575,Pokerchinko,0.026456,0.007222,0.983186,0.000000
576,Child of the Wind,0.026451,0.003392,0.986085,0.047198
577,Snow Fortress,0.026446,0.002188,0.959416,0.073746
578,The Isle of Cats,0.026434,0.005799,0.920896,0.085546
579,Death Roads: Tournament Prologue,0.026429,0.014772,0.881474,0.000000
580,Sumerians,0.026418,0.007659,0.881104,0.097345
581,Deisim,0.026413,0.003611,0.933737,0.085546
582,Ascension to the Throne: Valkyrie,0.026359,0.009957,0.941111,0.032448
583,The Counting Kingdom,0.026334,0.002298,1.007545,0.000000
584,Nations,0.026317,0.010176,0.911884,0.058997
585,Crystal Quest Classic,0.026307,0.008097,0.959416,0.032448
586,Microgons,0.026279,0.016194,0.846847,0.000000
587,武均天下,0.026267,0.006018,0.986085,0.000000
588,Pizza Restaurant Together,0.026253,0.004815,0.920958,0.085546
589,Qvadriga,0.026253,0.005252,0.862020,0.112094
590,Dungeon Scavenger,0.026241,0.003611,0.977757,0.047198
591,Dungeon of Elements,0.026238,0.007769,0.940869,0.054572
592,Yunoia,0.026226,0.005580,0.987696,0.000000
593,Queen's Wish: The Conqueror,0.026217,0.011817,0.803661,0.103245
594,Fat Mask,0.026205,0.005580,0.959306,0.053097
595,Slayaway Camp,0.026178,0.006346,0.954204,0.051622
596,We Slay Monsters,0.026178,0.009410,0.951796,0.000000
597,Mystery Masterpiece: The Moonstone,0.026175,0.005252,0.979237,0.029941
598,Rulers of Nations,0.026170,0.021665,0.514953,0.100295
599,Rogue Islands,0.026169,0.020352,0.732978,0.000000
600,50 years,0.026152,0.012693,0.895226,0.032448
601,Celestial Command,0.026134,0.018820,0.627021,0.102507
602,Golden Krone Hotel,0.026132,0.005143,0.959639,0.053097
603,Familiar - Battle of the Labyrinth,0.026131,0.012146,0.914363,0.000000
604,Scorchlands,0.026120,0.003064,0.948616,0.070796
605,Angels of Fasaria: Version 2.0,0.026116,0.005580,0.983186,0.008112
606,The Treasure of the Dragon,0.026112,0.011599,0.921635,0.000000
607,Bastard Bonds,0.026101,0.011708,0.884276,0.057522
608,Crystal Tower Defense,0.026101,0.014006,0.823454,0.072271
609,Disney's Treasure Planet: Battle of Procyon,0.026101,0.007331,0.931282,0.061947
610,Pixel Puzzles 2: Christmas,0.026100,0.007331,0.959197,0.032448
611,Dragon Castle: The Board Game,0.026099,0.003611,0.968519,0.051622
612,Romance of the Three Kingdoms IV with Power Up Kit,0.026088,0.018492,0.643016,0.100295
613,荣耀死斗 Mortal Glory,0.026064,0.013459,0.866190,0.047198
614,日月谜书 MidnattsSol,0.026058,0.004705,0.987390,0.000000
615,Hell,0.026052,0.011599,0.589937,0.159292
616,Harmonis: the hand-made kingdoms,0.026052,0.000547,0.924926,0.088481
617,It Is Ticking,0.026043,0.002954,0.988378,0.026549
618,Court of Ashes,0.026022,0.008863,0.952222,0.000000
619,Marauder,0.026011,0.018273,0.735956,0.061947
620,Puzzle Pelago - A Drag & Drop Economy,0.025984,0.003611,0.961406,0.054572
621,Soba's Gunpaw,0.025983,0.004924,0.978580,0.022124
622,SolForge Fusion,0.025962,0.019039,0.762813,0.000000
623,Hydra Heli,0.025961,0.004705,0.973631,0.032448
624,The Food Run,0.025952,0.003939,0.985164,0.016224
625,Wanna Survive-活尸战棋,0.025926,0.006784,0.931573,0.060472
626,二零将棋,0.025897,0.005143,0.979237,0.000000
627,Make Route: Escape the police,0.025897,0.003064,0.989912,0.000000
628,Axis Football 2024,0.025864,0.013568,0.729801,0.112094
629,肉鸽弹弹奇兵,0.025781,0.007331,0.882870,0.085546
630,Roman Conquest: Rise to Power,0.025772,0.000109,0.982515,0.032448
631,Dont Jump: Gamesforfarm,0.025764,0.001313,0.989912,0.008850
632,坦克大战,0.025759,0.025167,0.497420,0.000000
633,Memoryland Prelude,0.025752,0.001641,0.979237,0.032448
634,Barrel Roll,0.025740,0.002517,0.976197,0.032448
635,Romance of the Three Kingdoms III,0.025722,0.020462,0.542573,0.100295
636,碾压职场 (Crush the Industry),0.025713,0.005033,0.899238,0.085546
637,FATE: The Cursed King,0.025710,0.007003,0.936414,0.047198
638,Sword of the Samurai,0.025702,0.004705,0.961616,0.036873
639,Dr. Derk's Mutant Battlegrounds,0.025687,0.011161,0.900741,0.032448
640,Gamedev Beatdown,0.025671,0.004267,0.946955,0.054572
641,NOBUNAGA'S AMBITION: Zenkokuban,0.025657,0.019258,0.688694,0.061947
642,The Saga of Nino's Transmigration (尼諾的異世界物語 ~ 光與影與各自的信仰 ~),0.025651,0.008207,0.945886,0.000000
643,Mahjong World Contest (麻将),0.025639,0.006237,0.887336,0.085546
644,Nightlight Secrets,0.025593,0.001313,0.939445,0.067847
645,Seamspace: Minesweeper,0.025574,0.004596,0.971421,0.000000
646,Drawing Path,0.025565,0.002079,0.979322,0.016224
647,Drill Rift,0.025554,0.000438,0.911838,0.085546
648,Sentinel 3: Homeworld,0.025536,0.014444,0.835502,0.038348
649,龙魂：学院奇闻,0.025515,0.011380,0.871971,0.053097
650,CREAM SODA CLUB,0.025447,0.005909,0.958508,0.000000
651,Lazerbait,0.025445,0.004815,0.965713,0.000000
652,Weather Lord: Legendary Hero Collector's Edition,0.025441,0.005580,0.921635,0.061947
653,Bonfire,0.025437,0.003283,0.887855,0.091445
654,No Man's Land,0.025428,0.006784,0.932309,0.042773
655,Debug Quest,0.025387,0.004705,0.964383,0.000000
656,蜘蛛,0.025369,0.007550,0.939445,0.016224
657,Pahelika: Revelations,0.025362,0.005033,0.940371,0.045723
658,Skyborn,0.025342,0.004924,0.886021,0.085546
659,Cursed Words: The Word Game That Isn't,0.025339,0.005580,0.952969,0.019912
660,Spider Roulette,0.025308,0.001204,0.964982,0.032448
661,Alchemic Jousts,0.025290,0.005252,0.930539,0.051622
662,Strata,0.025281,0.003939,0.942484,0.047198
663,Battle Group 2,0.025229,0.012365,0.853698,0.045723
664,Dungeon Girl,0.025229,0.016851,0.722582,0.070796
665,Fright Light,0.025218,0.013896,0.849547,0.008850
666,Stardust Defenders,0.025201,0.002954,0.955994,0.032448
667,Disciples Sacred Lands Gold,0.025196,0.012036,0.869318,0.032448
668,Deity Quest,0.025194,0.005033,0.916519,0.061947
669,Foresight,0.025186,0.005799,0.939445,0.032448
670,KNIGHTS,0.025180,0.006565,0.943979,0.004425
671,Airline Tycoon Deluxe,0.025176,0.011052,0.846023,0.066372
672,Block Tower: Prologue,0.025166,0.001860,0.969102,0.000000
673,Ghostlords,0.025155,0.005252,0.942179,0.032448
674,Game Of Puzzles: Animals,0.025131,0.003392,0.962410,0.000000
675,Catharage,0.025103,0.008863,0.878478,0.061947
676,狩猎之夜：主权辛迪加,0.025079,0.008863,0.869219,0.067847
677,Orbi Universo,0.025078,0.007769,0.789587,0.112094
678,DRAFTYCAR,0.025062,0.000219,0.950278,0.042773
679,Urban Pirate,0.025047,0.004815,0.900339,0.070796
680,B-B0 The Delivery Bot,0.025041,0.010176,0.901700,0.000000
681,Airship Asunder,0.025035,0.003939,0.917362,0.061947
682,Dice of Kalma,0.025030,0.001751,0.954130,0.032448
683,Gold Defence,0.025017,0.006346,0.900339,0.061947
684,Crookz - The Big Heist,0.025009,0.008316,0.865972,0.072271
685,Lord of the Click: Interstellar Wars,0.025001,0.003939,0.940371,0.038348
686,Defense Zone,0.025000,0.012693,0.855095,0.026549
687,Dungeon Rats,0.024987,0.015210,0.786246,0.048673
688,幸运勇者,0.024971,0.011161,0.860986,0.047198
689,Firefly Haven,0.024963,0.004267,0.947223,0.022124
690,探险顽皮动物园 (Zoo Park Story),0.024948,0.008973,0.878987,0.056047
691,Knightica: Prologue,0.024943,0.003173,0.956937,0.000000
692,Drive on Moscow,0.024941,0.011927,0.829560,0.061947
693,Khet 2.0,0.024934,0.005143,0.917031,0.053097
694,Haimrik,0.024933,0.008425,0.877115,0.061947
695,Pocket God vs Desert Ashes,0.024920,0.007441,0.917362,0.030973
696,Antihero,0.024919,0.005580,0.865216,0.085546
697,Lumina,0.024909,0.003064,0.900339,0.073746
698,Heroland,0.024895,0.006346,0.780269,0.117994
699,Trench Face,0.024887,0.004049,0.945783,0.022124
700,King of Retail 2,0.024881,0.013787,0.768681,0.076327
701,Astral Heroes,0.024879,0.019368,0.702641,0.000000
702,Hotel Giant,0.024867,0.005580,0.909912,0.054572
703,君主:中世纪 重制版,0.024852,0.012036,0.810296,0.070796
704,Shattered Throne,0.024830,0.006565,0.920958,0.032448
705,萌萌２次大戰（略）３ Moe Moe World War II-3,0.024794,0.008425,0.800354,0.100295
706,ダンジョンに生息だ！,0.024773,0.004267,0.921408,0.048673
707,12 Labours of Hercules V: Kids of Hellas (Platinum Edition),0.024766,0.009082,0.899699,0.022124
708,MMA Executive,0.024751,0.006237,0.916519,0.038348
709,Soccer Kids Alpha,0.024746,0.003283,0.949769,0.000000
710,Secret Santa,0.024743,0.005252,0.938809,0.000000
711,Morphblade,0.024719,0.002626,0.941602,0.030973
712,Weapons Party,0.024716,0.010395,0.887038,0.000000
713,Grid Legion,0.024710,0.012146,0.861225,0.000000
714,Radiant Defense,0.024708,0.010286,0.845332,0.061947
715,Ninja Stealth,0.024707,0.017289,0.754492,0.004425
716,Evolution Board Game,0.024705,0.008316,0.830512,0.085546
717,Sapiens Craft,0.024704,0.006784,0.924926,0.008850
718,Panzer Tactics HD,0.024662,0.015428,0.761762,0.053097
719,Tales of the Orient: The Rising Sun,0.024659,0.006018,0.889969,0.061947
720,Dots eXtreme,0.024627,0.004486,0.936742,0.016224
721,8-Bit Invaders!,0.024603,0.008097,0.829029,0.085546
722,Keep Defending,0.024602,0.002188,0.943865,0.022124
723,Snow Jewels,0.024596,0.002954,0.921635,0.048673
724,Brown Dust (棕色尘埃),0.024595,0.019039,0.699466,0.000000
725,还魂尸传奇,0.024574,0.008863,0.869912,0.053097
726,Card City Nights,0.024537,0.004705,0.894982,0.061947
727,Empty Horizons,0.024516,0.006128,0.919386,0.022124
728,Ord.,0.024514,0.003392,0.941347,0.000000
729,FaeVerse Alchemy,0.024509,0.020681,0.613730,0.038348
730,Builderment,0.024500,0.017836,0.686867,0.055605
731,Unexplored 2: The Wayfarer's Legacy,0.024494,0.007769,0.764590,0.112094
732,Charge!,0.024493,0.004158,0.934890,0.013274
733,War Solution - Casual Math Game,0.024485,0.006456,0.915662,0.022124
734,Zombo Buster Rising,0.024469,0.005143,0.927236,0.016224
735,Toast Time,0.024412,0.006237,0.909940,0.030973
736,Enemy,0.024382,0.006128,0.866087,0.070796
737,Hack Time,0.024381,0.021118,0.614094,0.000000
738,868-HACK,0.024380,0.002407,0.926621,0.036873
739,I Am Vegend - Zombiegeddon,0.024376,0.001860,0.939469,0.016224
740,Dreamscape,0.024351,0.004158,0.891593,0.061947
741,PITCH-HIT ARCADE,0.024340,0.001204,0.911838,0.054572
742,世界尽头的蔷薇花园,0.024329,0.001860,0.939782,0.008850
743,Bardbarian,0.024316,0.004924,0.904180,0.045723
744,XANARTHRAXIA,0.024306,0.003392,0.933363,0.008850
745,《梅花易数》,0.024296,0.002188,0.927604,0.032448
746,Frost,0.024293,0.004924,0.906155,0.042773
747,Zorg The Typing Warrior,0.024285,0.000985,0.940325,0.008850
748,Rumia in the darkness,0.024279,0.001204,0.939687,0.008850
749,Endless RPG,0.024279,0.006784,0.903353,0.026549
750,Eximius: Seize the Frontline,0.024269,0.008316,0.747890,0.112094
751,Machines At War 3,0.024257,0.005362,0.867506,0.070796
752,State of Survival: Last Warrior,0.024220,0.022212,0.555993,0.000000
753,名利场:我被好莱坞美女潜规则了,0.024219,0.005033,0.901461,0.044233
754,Haegemonia: Legions of Iron,0.024215,0.016960,0.728637,0.030973
755,The Mystery Of Woolley Mountain,0.024212,0.004377,0.883284,0.063422
756,System Crash,0.024190,0.007659,0.844391,0.070796
757,Spy Tactics,0.024154,0.001313,0.930936,0.022124
758,Descent: FreeSpace – The Great War,0.024153,0.003720,0.786586,0.112094
759,Ragnorium,0.024146,0.011927,0.588203,0.135693
760,Site Management Simulator,0.024132,0.000328,0.921635,0.038348
761,Blight of the Immortals,0.024126,0.016632,0.746550,0.000000
762,Dogfight Elite,0.024106,0.019258,0.668722,0.000000
763,Pro Strategy Football 2020,0.024104,0.004267,0.883994,0.060472
764,Aeon's End,0.024080,0.006128,0.828543,0.085546
765,TINY METAL: FULL METAL RUMBLE,0.024075,0.008863,0.821174,0.073746
766,Game Of Puzzles: Dragons,0.024066,0.003064,0.926642,0.008850
767,UFO: Aftershock,0.024055,0.014772,0.777945,0.026549
768,GamersGoMakers,0.024046,0.012802,0.792616,0.051622
769,Cosmochoria,0.024043,0.005909,0.879544,0.053097
770,Warring States,0.024042,0.005143,0.806307,0.098820
771,Star Tactics Redux,0.024039,0.005471,0.913043,0.000000
772,Tenderfoot Tactics,0.024033,0.006128,0.826732,0.085546
773,于垂花门后,0.024022,0.001313,0.917362,0.036873
774,Shine's Adventures 2 (Zombie Attack),0.023997,0.003173,0.919445,0.022124
775,Just Deserts,0.023990,0.011052,0.806024,0.061947
776,Ogre,0.023982,0.004049,0.699673,0.135693
777,隐秘远征 Hidden Pass,0.023964,0.002079,0.887038,0.061947
778,Planet Stronghold,0.023955,0.004705,0.787737,0.106195
779,Drill Deal – Oil Tycoon,0.023929,0.003392,0.862915,0.073746
780,Tiny Kingdom,0.023924,0.010176,0.807484,0.067847
781,Nuke Them All,0.023898,0.002626,0.882744,0.061947
782,Planet Smasher,0.023856,0.005799,0.896600,0.026549
783,Ports of Call Classic,0.023838,0.004815,0.899179,0.032448
784,字谜探案,0.023816,0.002626,0.909565,0.032448
785,WarForwards,0.023807,0.005362,0.873486,0.054572
786,Hearthlands,0.023792,0.008097,0.821967,0.072271
787,Bravada,0.023786,0.004815,0.878272,0.053097
788,混乱之海,0.023777,0.008973,0.870988,0.000000
789,Cleo's Lost Idols,0.023757,0.017836,0.696996,0.000000
790,Northmark: Hour of the Wolf,0.023756,0.003611,0.873164,0.061947
791,StarSmashers,0.023742,0.018820,0.632223,0.045723
792,Bloodsports.TV,0.023732,0.007331,0.843999,0.061947
793,Immortal Defense,0.023730,0.006894,0.859710,0.053097
794,World Leader Card Game,0.023694,0.005580,0.900339,0.000000
795,Bandits vs Lords: Epic Clash,0.023688,0.014991,0.767295,0.000000
796,Freaking Meatbags,0.023685,0.003064,0.884347,0.053097
797,Solitaire Royale,0.023680,0.019477,0.639803,0.000000
798,Viking Brothers,0.023656,0.007331,0.841195,0.061947
799,Mage Mayhem,0.023647,0.006456,0.891806,0.000000
800,Factory Coin Mining,0.023616,0.012693,0.667778,0.103245
801,Astroderps,0.023613,0.000547,0.865164,0.070796
802,Castle Explorer,0.023594,0.005362,0.867582,0.053097
803,8-Bit Hordes,0.023567,0.005033,0.817688,0.085546
804,Lew Pulsipher's Doomstar,0.023561,0.004705,0.870988,0.053097
805,Eggoria,0.023550,0.007003,0.761621,0.101770
806,机甲要塞,0.023545,0.006675,0.866045,0.042773
807,You Must Become A Lich,0.023493,0.003720,0.885139,0.042773
808,Battle Fleet 2,0.023483,0.011817,0.752417,0.073746
809,Monster Tiles TD: Tower Wars,0.023482,0.011380,0.827281,0.000000
810,No Heroes Here 2,0.023473,0.002736,0.870988,0.058997
811,Trains VR,0.023460,0.003173,0.846718,0.073746
812,MiceGard,0.023448,0.000985,0.848673,0.076696
813,Conflicks - Revolutionary Space Battles,0.023445,0.006346,0.866767,0.041298
814,坦克世界：铁甲风暴,0.023438,0.005362,0.893081,0.000000
815,Independence War? Deluxe Edition,0.023433,0.002626,0.893081,0.036873
816,Parcel,0.023433,0.004815,0.875164,0.044248
817,Solitaire Beach Season,0.023432,0.006128,0.803382,0.085546
818,The Promised Land,0.023424,0.006346,0.864609,0.042773
819,拾光集,0.023421,0.004924,0.879357,0.038348
820,Red Trigger,0.023415,0.001313,0.891410,0.042773
821,死亡旅店 / Death Inn,0.023403,0.006675,0.873486,0.026549
822,Seven Kingdoms 2 HD,0.023400,0.009738,0.840582,0.024779
823,Egypt Frontiers,0.023399,0.003392,0.861439,0.061947
824,Star Hammer: The Vanguard Prophecy,0.023361,0.004596,0.747469,0.112094
825,希望之城 The City Of Hope,0.023361,0.016085,0.703317,0.041298
826,DSY: Don't Shoot Yourself,0.023339,0.002954,0.891806,0.032448
827,Hexagon Survivors,0.023323,0.006237,0.882390,0.000000
828,翼之樱：无尽之梦,0.023297,0.005143,0.847080,0.061932
829,Kittypocalypse - Ungoggled,0.023284,0.003611,0.867506,0.053097
830,Vietnam ‘65,0.023276,0.008207,0.829353,0.053097
831,Oh My Gore!,0.023276,0.006237,0.877705,0.016224
832,Pixel Puzzles 2: Halloween,0.023269,0.009848,0.841323,0.004867
833,Rescue Team,0.023232,0.004377,0.891642,0.008112
834,Cosmic Cavern 3671　　宇宙最大の地底最大の作戦,0.023211,0.004158,0.882390,0.030973
835,3 Stars of Destiny,0.023203,0.008207,0.771996,0.085546
836,The Last Federation,0.023195,0.005690,0.730973,0.112094
837,Sproggiwood,0.023192,0.005252,0.801543,0.085546
838,Cults and Daggers,0.023185,0.004267,0.671468,0.132743
839,All Guns On Deck,0.023168,0.022212,0.307956,0.076696
840,Across the Rhine,0.023165,0.005690,0.862187,0.041298
841,逃脱模拟器,0.023154,0.000875,0.903097,0.000000
842,The Feud: Wild West Tactics,0.023130,0.008425,0.630498,0.129794
843,Kingdom Tales 2: Viking Saga,0.023101,0.006237,0.831069,0.061947
844,丹墨三国：弈,0.023087,0.005143,0.825807,0.070796
845,Sorcerer King: Rivals,0.023069,0.011489,0.667299,0.103245
846,Hell Architect,0.023066,0.008425,0.672672,0.117994
847,Pixel Puzzles 2: RADical ROACH,0.023065,0.006675,0.857658,0.032448
848,Shogun's Empire: Hex Commander,0.023045,0.006894,0.832868,0.054572
849,Congo Merc,0.023023,0.007441,0.849853,0.030973
850,Ballad of Solar,0.023019,0.005471,0.876497,0.010693
851,Nova-111,0.023010,0.004267,0.873755,0.032448
852,The Dark Legions,0.022990,0.005690,0.872138,0.016224
853,Make America Great Again,0.022970,0.015975,0.706181,0.022124
854,CasinoXR,0.022930,0.003611,0.824926,0.073746
855,Boy VS Genius 贫穷少年与校园名人的生死对决,0.022926,0.002298,0.890784,0.008850
856,Bullet Roulette VR,0.022922,0.002079,0.867783,0.047198
857,Honey Rose: Underdog Fighter Extraordinaire,0.022917,0.010067,0.825797,0.000000
858,空王座 Empty Throne,0.022915,0.001313,0.894137,0.000000
859,Ramona,0.022890,0.002954,0.845185,0.061947
860,Mythic Battlegrounds: Demonic Siege,0.022881,0.003939,0.798754,0.085546
861,Imagination,0.022879,0.011052,0.715354,0.085546
862,Avalon Lords: Dawn Rises,0.022866,0.014334,0.694908,0.061947
863,Girlfriend Rescue,0.022859,0.008644,0.836603,0.021239
864,Deichgraf,0.022850,0.001094,0.873622,0.041298
865,War on Folvos,0.022834,0.008207,0.845556,0.006637
866,Survivor Challenge TD,0.022827,0.007222,0.843996,0.032448
867,星球乐园,0.022825,0.001751,0.851340,0.058997
868,Warrior Kings,0.022821,0.007988,0.814980,0.053097
869,ORX 城堡之巅,0.022812,0.009191,0.696833,0.103245
870,The Troma Project,0.022810,0.005690,0.842025,0.048673
871,Brigade E5: New Jagged Union,0.022808,0.011599,0.789461,0.026549
872,Block Tower TD,0.022796,0.004705,0.863591,0.032448
873,Factory Planner: First Sparks,0.022784,0.001422,0.889468,0.000000
874,Perimeter,0.022777,0.004486,0.868218,0.026549
875,Battlepillars Gold Edition,0.022737,0.005690,0.855493,0.030973
876,There Came an Echo,0.022734,0.003830,0.717059,0.115044
877,Rush for Glory,0.022730,0.007550,0.789912,0.070796
878,Solar Showdown,0.022651,0.005471,0.865164,0.000000
879,AGENT 00111,0.022627,0.002298,0.865164,0.038348
880,Praetorians,0.022602,0.008316,0.816321,0.041298
881,Pure Chess Grandmaster Edition,0.022583,0.007550,0.767534,0.079646
882,Save Daddy Trump,0.022513,0.003064,0.862826,0.032448
883,The Hive,0.022510,0.004158,0.714302,0.112094
884,Trainz Trouble,0.022484,0.002736,0.872073,0.016224
885,Neocolonialism,0.022481,0.002188,0.871453,0.022124
886,软盘骑士,0.022474,0.005362,0.832579,0.048673
887,Miner's Mettle,0.022471,0.002845,0.634445,0.135693
888,Genius Greedy Mouse,0.022432,0.005143,0.859982,0.000000
889,TavernHold,0.022430,0.000766,0.858260,0.042773
890,ChessVR,0.022424,0.001532,0.865164,0.032448
891,寅体纪元,0.022422,0.005909,0.792088,0.072271
892,One Night Two Crazies,0.022417,0.003283,0.869484,0.008850
893,Times Of War,0.022411,0.002079,0.865164,0.029469
894,Super Duper Party Pooper,0.022390,0.008754,0.822840,0.008850
895,Marine Park Empire,0.022354,0.005252,0.836796,0.041298
896,Bad Business,0.022315,0.005362,0.853382,0.008850
897,Ezaron Defense,0.022303,0.004267,0.835693,0.047198
898,神枪手大战僵尸,0.022285,0.003939,0.862187,0.005369
899,Holy Potatoes! We’re in Space?!,0.022251,0.008973,0.719106,0.087021
900,The Forgotten Land,0.022245,0.010067,0.765580,0.053097
901,Stone Age Wars,0.022241,0.005362,0.848673,0.016224
902,异世界厨房:女子高中生的美食餐厅,0.022226,0.012255,0.764600,0.000000
903,Spice Road,0.022223,0.005033,0.721394,0.103245
904,Romopolis,0.022217,0.006784,0.826517,0.032448
905,GhostControl Inc.,0.022210,0.004267,0.718462,0.106195
906,Zombie Rush : Extinction,0.022201,0.005471,0.846476,0.016224
907,You Must Build A Boat,0.022200,0.007988,0.814397,0.030973
908,Galaxy Reavers,0.022185,0.014553,0.695421,0.036873
909,SunAge: Battle for Elysium,0.022185,0.010067,0.734406,0.070796
910,Ancient Frontier,0.022183,0.005580,0.677898,0.115044
911,Ortus Regni,0.022170,0.005471,0.848545,0.000000
912,Ichi,0.022165,0.003830,0.848009,0.030973
913,Ironcast,0.022161,0.008973,0.735274,0.078171
914,ARISEN - Chronicles of Var'Nagal,0.022146,0.004049,0.845040,0.032448
915,Command Ops 2 Core Game,0.022142,0.007550,0.828727,0.000000
916,Space Colony: Steam Edition,0.022140,0.005580,0.786871,0.070796
917,Lord Mayor,0.022134,0.003720,0.855487,0.016224
918,Deadstone,0.022129,0.003830,0.830496,0.048673
919,ROCKETSROCKETSROCKETS,0.022111,0.004815,0.831364,0.041298
920,SkyBoats,0.022109,0.004049,0.849853,0.022861
921,Earthworms,0.022107,0.007003,0.815489,0.038348
922,The Mims Beginning,0.022103,0.011489,0.773428,0.000000
923,Costa Verde Transport Department,0.022097,0.001751,0.821166,0.061947
924,1849,0.022094,0.010395,0.725320,0.070796
925,Fantastic Checkers 2,0.022085,0.009629,0.800354,0.008850
926,After the Empire,0.022068,0.002626,0.837408,0.045723
927,炼金术师大冒险,0.022040,0.004049,0.765580,0.085546
928,Countless Army,0.022011,0.003283,0.811912,0.061947
929,Anomaly Defenders,0.021970,0.009738,0.759871,0.053097
930,Solitaire Battle Online,0.021954,0.003173,0.855205,0.000000
931,Defend the Castle,0.021910,0.005143,0.841994,0.000000
932,Pakicetus,0.021893,0.011380,0.767295,0.000000
933,Orczz,0.021882,0.005471,0.832743,0.022124
934,Under Pressure,0.021862,0.003939,0.848122,0.000000
935,Legions of Steel,0.021832,0.002626,0.694445,0.112094
936,Mind Spheres,0.021828,0.004705,0.841953,0.004425
937,Stay Safe: Labyrinth of the Mad,0.021808,0.002736,0.835072,0.038348
938,Voodoo Garden,0.021785,0.010614,0.775156,0.006637
939,MOAI: Build Your Dream,0.021784,0.007112,0.819121,0.010693
940,Zombie Solitaire,0.021780,0.004267,0.811945,0.051622
941,Nanuleu,0.021767,0.003173,0.843079,0.022124
942,夏娃战记,0.021755,0.005690,0.667396,0.112094
943,Shift,0.021749,0.008644,0.801831,0.004425
944,OTTTD,0.021743,0.004924,0.809678,0.048673
945,Wrack: Exoverse,0.021731,0.003611,0.780269,0.073746
946,A Druid's Duel,0.021718,0.005033,0.809669,0.047198
947,Heroes of Steel RPG,0.021715,0.005362,0.787401,0.061947
948,Deadlock II: Shrine Wars,0.021713,0.009410,0.769124,0.041298
949,O.R.B: Off-World Resource Base,0.021707,0.006346,0.816646,0.026549
950,Noara: The Conspiracy,0.021690,0.002954,0.847222,0.000000
951,Fortified,0.021688,0.006784,0.758233,0.070796
952,Hunt: The Unknown Quarry,0.021644,0.012365,0.739806,0.000000
953,Vae Victis,0.021643,0.001860,0.837390,0.032448
954,Wildlife Park 2 - Horses,0.021633,0.005580,0.820621,0.026549
955,Stonehold,0.021633,0.008207,0.803266,0.000000
956,Farm Frenzy 4,0.021605,0.008316,0.799447,0.010693
957,Wildlife Park 2 - Farm World,0.021571,0.004049,0.829152,0.026549
958,Space Farmers,0.021548,0.004924,0.795269,0.054572
959,SteamHammerVR - The Rogue Apprentice,0.021528,0.006456,0.749895,0.073746
960,AntQueen 3D,0.021489,0.007222,0.727866,0.079646
961,拯救世界特别小队,0.021484,0.006784,0.758260,0.066372
962,Brewer,0.021482,0.004377,0.828706,0.017699
963,Deadly Dozen,0.021474,0.003392,0.804251,0.053097
964,B-17 Flying Fortress: The Mighty 8th,0.021454,0.001094,0.823725,0.042773
965,Crowntakers,0.021440,0.007988,0.750119,0.061947
966,New Yankee in King Arthur's Court 2,0.021420,0.012912,0.709912,0.026549
967,Patchwork,0.021417,0.004596,0.806908,0.042773
968,Arcadecraft,0.021366,0.012802,0.679439,0.053097
969,Royal Defense,0.021361,0.005580,0.726791,0.085546
970,矮人通天塔,0.021351,0.003611,0.667426,0.112094
971,NewCity,0.021349,0.016523,0.572247,0.054572
972,Carton,0.021345,0.008644,0.786677,0.007965
973,Chamber 19,0.021344,0.005033,0.761365,0.070796
974,Ascension VR,0.021271,0.001204,0.767295,0.076696
975,The Culling Of The Cows,0.021256,0.007331,0.786516,0.032448
976,Monster X Monster,0.021255,0.004596,0.817322,0.022124
977,Techwars: Global Conflict,0.021254,0.014225,0.683658,0.000000
978,Braveland Wizard,0.021207,0.006128,0.808777,0.008555
979,Archmage Rises,0.021186,0.006456,0.710920,0.085546
980,Valgrave: Immortal Plains,0.021184,0.001970,0.833807,0.000000
981,UFO: Aftermath,0.021156,0.008425,0.774408,0.026549
982,魔盾联盟,0.021155,0.005033,0.795952,0.041298
983,Uncrewed,0.021141,0.009738,0.718462,0.058997
984,Pastelia Stories,0.021137,0.014334,0.626574,0.056047
985,Roaming Fortress,0.021122,0.005909,0.808694,0.000000
986,Victory At Sea,0.021106,0.008644,0.748161,0.048673
987,Little Dungeon Stories,0.021104,0.001532,0.804024,0.048673
988,Chaos Reborn,0.021102,0.008425,0.744967,0.053097
989,猎魔者战纪,0.021084,0.004049,0.820627,0.004425
990,Rabbit Island,0.021083,0.004705,0.813372,0.016224
991,Battle Time,0.021073,0.006018,0.804986,0.008850
992,清除马赛克,0.021066,0.003830,0.821575,0.000000
993,Abstract Driver,0.021065,0.004815,0.767696,0.061947
994,TEOT - The End OF Tomorrow,0.021054,0.000875,0.808694,0.044248
995,Crazy Plant Shop,0.021050,0.004049,0.808086,0.030973
996,Pathfinder Adventures,0.021042,0.011052,0.686588,0.061947
997,Space Fuss,0.021032,0.004377,0.805377,0.030973
998,VoidExpanse,0.021008,0.007769,0.687588,0.085546
999,九号博物馆,0.021003,0.008207,0.714281,0.070796
1000,Megapolis,0.020980,0.005362,0.795248,0.032448
1001,Undefeated,0.020968,0.007003,0.790368,0.014159
1002,Everything is Peachy,0.020955,0.005143,0.800354,0.026549
1003,WeedEx: Drug Express Delivery,0.020930,0.004486,0.804191,0.026549
1004,Commando Jack,0.020928,0.005909,0.774075,0.047198
1005,The Last Hero: Journey to the Unknown,0.020915,0.000766,0.819082,0.026549
1006,Asteroid Fight,0.020882,0.006784,0.792161,0.000000
1007,Kortstrid,0.020876,0.010395,0.745164,0.000000
1008,Where's My Helmet?,0.020876,0.004924,0.759883,0.061947
1009,VERSUS SQUAD,0.020872,0.004158,0.787301,0.045723
1010,Chip,0.020869,0.005909,0.799532,0.005192
1011,Rime Berta,0.020869,0.005143,0.742478,0.070796
1012,Ajax’s Trial,0.020868,0.002517,0.821172,0.000000
1013,Retro Football Boss,0.020862,0.010176,0.677805,0.070796
1014,It's A Wipe!,0.020829,0.006128,0.783315,0.032448
1015,大时代：三国立志,0.020810,0.013459,0.507165,0.100295
1016,封神让我来,0.020796,0.010395,0.742141,0.000000
1017,Run For Rum,0.020775,0.007878,0.767295,0.026549
1018,Time in Time,0.020767,0.007112,0.784464,0.004425
1019,Control Craft 3,0.020738,0.009191,0.757079,0.008850
1020,克瑞因的纷争,0.020713,0.010504,0.662253,0.072271
1021,Magnifico,0.020707,0.003501,0.798166,0.032448
1022,Football Club Simulator - FCS #21,0.020674,0.011927,0.683533,0.042773
1023,Battle Mages: Sign of Darkness,0.020667,0.005143,0.785972,0.032448
1024,Boid,0.020649,0.005580,0.795050,0.000000
1025,The Nightmare Cooperative,0.020641,0.002845,0.800289,0.030973
1026,Shattered Planet,0.020634,0.005252,0.700638,0.085546
1027,Tap Craft,0.020630,0.005033,0.749895,0.061947
1028,Strategy & Tactics: Dark Ages,0.020593,0.009629,0.640505,0.085546
1029,Wildlife Park - Wild Creatures,0.020591,0.005909,0.771562,0.038348
1030,Tankex,0.020584,0.000438,0.813596,0.016224
1031,Navpoint,0.020567,0.006018,0.776200,0.030973
1032,Tavernier,0.020560,0.004267,0.795476,0.022124
1033,Apoclone,0.020557,0.009629,0.745164,0.000000
1034,Aeon Command,0.020553,0.004815,0.791486,0.022124
1035,ROD: Revolt Of Defense,0.020552,0.003064,0.807058,0.008850
1036,The Happy Hereafter,0.020541,0.004705,0.789183,0.026549
1037,Will of the Gods,0.020528,0.003064,0.801138,0.022124
1038,Autobahn Police Simulator 2,0.020504,0.009957,0.536734,0.112094
1039,Football School,0.020495,0.003173,0.792530,0.032448
1040,Tech Executive Tycoon,0.020470,0.016741,0.286323,0.103245
1041,TransRoad: USA,0.020470,0.009957,0.534793,0.112094
1042,Kingdom Tales: Dragons & Us,0.020468,0.005033,0.743872,0.061947
1043,Black Hat Cooperative,0.020454,0.001313,0.776051,0.053097
1044,RESCUE 2: Everyday Heroes,0.020444,0.009738,0.631850,0.085546
1045,Monaco 2,0.020434,0.005690,0.688330,0.085546
1046,TankCraft,0.020433,0.008097,0.760456,0.008850
1047,Castle Woodwarf 2,0.020417,0.005909,0.760683,0.042773
1048,X-Team,0.020405,0.005471,0.774075,0.032448
1049,Blackguards 2,0.020405,0.008644,0.644970,0.087021
1050,The Sacred Tears TRUE,0.020304,0.004705,0.778816,0.029499
1051,Starmancer,0.020301,0.009191,0.635249,0.085546
1052,Battle Mages,0.020297,0.004924,0.779071,0.026549
1053,星火燎原（ SPARK IGNITES）,0.020289,0.003501,0.757502,0.055752
1054,Legend of Numbers,0.020288,0.007441,0.764148,0.000000
1055,Ember,0.020252,0.007769,0.754413,0.018584
1056,Dark Moon,0.020251,0.010614,0.505747,0.112094
1057,Dobro Goranku,0.020226,0.004049,0.791593,0.000000
1058,The Tree,0.020225,0.008644,0.716519,0.047198
1059,Pigmentone,0.020219,0.005143,0.780269,0.016224
1060,Millennium - A New Hope,0.020201,0.008644,0.743302,0.014159
1061,Doodle WHAT?!,0.020162,0.005143,0.745164,0.053097
1062,Neon Space,0.020154,0.008754,0.741982,0.007965
1063,The Rabbit Hole Remastered,0.020152,0.003939,0.788695,0.008850
1064,侠客春秋,0.020151,0.011708,0.683312,0.026549
1065,Extravaganza Rising,0.020126,0.004705,0.766328,0.036873
1066,Axis Football 2019,0.020117,0.006675,0.726733,0.054572
1067,Neon Space 2,0.020116,0.008425,0.745010,0.007965
1068,Chess Knight 2,0.020072,0.005690,0.767696,0.022124
1069,Zoo Empire,0.020070,0.004815,0.759062,0.041298
1070,Vertical Strike Endless Challenge,0.020068,0.003392,0.777783,0.030973
1071,Abalone,0.020041,0.008644,0.716768,0.041298
1072,Retro Commander,0.020038,0.005909,0.770966,0.000000
1073,Box Maze,0.020025,0.007112,0.749059,0.026549
1074,AntharioN,0.020000,0.007769,0.679985,0.070796
1075,The Masterplan,0.019996,0.005252,0.632263,0.100295
1076,Ancient Weapon Holly,0.019992,0.002407,0.589951,0.117994
1077,Frontline : Road to Moscow,0.019992,0.004486,0.730456,0.061947
1078,Fairspace,0.019964,0.004705,0.777812,0.005310
1079,The Race for the White House,0.019958,0.004267,0.714661,0.070796
1080,Posthaste Emporium,0.019957,0.004377,0.780269,0.000000
1081,The Wanderer,0.019947,0.003939,0.781688,0.008850
1082,Smart City Plan,0.019944,0.005362,0.685982,0.079646
1083,Civil Purgatory,0.019919,0.004158,0.774075,0.022124
1084,恶魔迷宫 | Evil Maze,0.019889,0.005909,0.764856,0.008112
1085,Pick a Hero,0.019877,0.008316,0.738715,0.000000
1086,Chainsaw Warrior: Lords of the Night,0.019858,0.004815,0.754600,0.038348
1087,Skat 3D Premium,0.019841,0.001970,0.608405,0.112094
1088,Gear City Against Chaos,0.019819,0.000547,0.789912,0.008850
1089,Wildlife Park 2 - Crazy Zoo,0.019814,0.005143,0.760456,0.026549
1090,Wildlife Park 2,0.019802,0.007878,0.718151,0.041298
1091,我们仨,0.019789,0.011599,0.674208,0.022124
1092,Prophour23,0.019766,0.004377,0.736707,0.053097
1093,Ant Queen,0.019739,0.011599,0.657161,0.038348
1094,Reprisal Universe,0.019733,0.002298,0.761689,0.041298
1095,Predestination,0.019721,0.004924,0.495304,0.129794
1096,GOLF in PAPER,0.019686,0.000438,0.783186,0.016224
1097,Snow Arena,0.019676,0.008425,0.729952,0.000000
1098,Beasts Battle,0.019627,0.004267,0.760456,0.026549
1099,CARNEDGE,0.019619,0.005143,0.738715,0.042773
1100,Bacon Tales - Between Pigs and Wolves,0.019612,0.008973,0.716144,0.016224
1101,Dwelvers,0.019612,0.005252,0.658949,0.085546
1102,Project AURA,0.019602,0.010286,0.636998,0.063717
1103,Stable Orbit - Build your own space station,0.019587,0.007441,0.538190,0.112094
1104,Sentry Knight Tactics,0.019586,0.005580,0.744128,0.032448
1105,Wildlife Park 2 - Marine World,0.019584,0.003939,0.761086,0.026549
1106,Black Baron,0.019533,0.001313,0.736707,0.057522
1107,1917 - The Alien Invasion DX,0.019533,0.003830,0.755451,0.032448
1108,Citizens: On Mars - Prologue,0.019529,0.002954,0.773867,0.000000
1109,Beekeeper,0.019512,0.000985,0.766328,0.032448
1110,Gladiator Trainer,0.019501,0.006128,0.746590,0.016224
1111,Divided We Fall: Play For Free,0.019472,0.015428,0.569447,0.000000
1112,World of Subways 1 – The Path,0.019456,0.004377,0.660416,0.085546
1113,Paradox Paradigm,0.019455,0.001313,0.776200,0.008850
1114,Debtors' Club,0.019431,0.002954,0.749013,0.040560
1115,Elminage Gothic,0.019408,0.008097,0.684305,0.053097
1116,Card of spirits,0.019296,0.006565,0.738290,0.004425
1117,Chess 2: The Sequel,0.019295,0.016085,0.506841,0.038348
1118,War and Peace,0.019262,0.005909,0.743921,0.000000
1119,Tales of a Spymaster,0.019253,0.005471,0.696994,0.060472
1120,Deadnaut,0.019248,0.004377,0.703571,0.061947
1121,Crush Online,0.019239,0.006237,0.739931,0.000000
1122,Pure Hold'em,0.019238,0.011599,0.509980,0.091445
1123,Archipelago,0.019230,0.004596,0.752660,0.008850
1124,Pixel Puzzles: UndeadZ,0.019201,0.007003,0.724494,0.020649
1125,Axis Football 2016,0.019200,0.005690,0.729407,0.032448
1126,Salvaged,0.019159,0.003720,0.704877,0.061947
1127,Cthulhu Realms,0.019155,0.004486,0.737802,0.032448
1128,Gold Rush! Anniversary,0.019154,0.006128,0.723540,0.032448
1129,Strategy & Tactics: Wargame Collection,0.019139,0.006675,0.728492,0.015487
1130,War in a Box: Paper Tanks,0.019121,0.003283,0.745574,0.030973
1131,Slayer Shock,0.019115,0.003392,0.609478,0.100295
1132,Kyn,0.019100,0.005799,0.600556,0.095870
1133,Merchants of Kaidan,0.019008,0.008973,0.620203,0.070796
1134,Wildlife Park,0.018981,0.005909,0.694533,0.053097
1135,Dwarf Tower,0.018977,0.003611,0.750489,0.008850
1136,Heldric - The legend of the shoemaker,0.018941,0.007659,0.713351,0.000000
1137,Planet Driller,0.018934,0.004924,0.739931,0.008850
1138,Orc Colony,0.018916,0.006456,0.683902,0.054572
1139,Haegemonia: The Solon Heritage,0.018848,0.007878,0.693248,0.030973
1140,Cubesis,0.018825,0.009301,0.684479,0.008850
1141,王国幻境 fantastic kingdom,0.018799,0.003501,0.745824,0.004779
1142,Siege of Centauri,0.018793,0.004596,0.642988,0.081121
1143,Tangled Up!,0.018659,0.006237,0.718418,0.008850
1144,Generals & Rulers,0.018589,0.009082,0.622977,0.060472
1145,Zombie City Defense 2,0.018589,0.006237,0.676303,0.053097
1146,Ancient Go,0.018587,0.007769,0.685028,0.030973
1147,The Last Frontier,0.018580,0.007769,0.698912,0.000000
1148,Railroad Pioneer,0.018555,0.010833,0.630972,0.032448
1149,Shannon Tweed's Attack Of The Groupies,0.018532,0.006346,0.703850,0.026549
1150,Subsiege,0.018504,0.003064,0.573496,0.103245
1151,Road to your City,0.018504,0.005033,0.682808,0.054572
1152,Royal Merchant,0.018478,0.007550,0.696847,0.008850
1153,Zoo Park,0.018472,0.012255,0.597060,0.030973
1154,War Cube,0.018456,0.004267,0.728428,0.008850
1155,Star Traders: 4X Empires,0.018454,0.004596,0.671936,0.061947
1156,Zenza,0.018388,0.004377,0.716519,0.026549
1157,e-River Cabin Journal,0.018382,0.011052,0.588946,0.053097
1158,Satellite Command,0.018375,0.003939,0.686763,0.054572
1159,Incident Commander,0.018359,0.003611,0.562474,0.103245
1160,Clockwork,0.018341,0.004267,0.718695,0.022124
1161,Panzer Warfare,0.018315,0.006346,0.705910,0.005029
1162,Village Feud,0.018294,0.003064,0.721596,0.026549
1163,Far Beyond: A space odyssey VR,0.018277,0.002079,0.678111,0.063422
1164,Destiny of Ancient Kingdoms?,0.018269,0.014334,0.546952,0.000000
1165,Expect The Unexpected,0.018236,0.004486,0.720105,0.004425
1166,The Cold War Era,0.018215,0.002517,0.717992,0.030973
1167,Defenders of the Last Colony,0.018196,0.002407,0.716519,0.032448
1168,Best in Show Solitaire,0.018181,0.006894,0.681208,0.030973
1169,Wildlife Park 3,0.018167,0.008316,0.632199,0.053097
1170,Time of Fury,0.018148,0.007441,0.686323,0.008850
1171,Eve of Destruction - REDUX VIETNAM,0.018145,0.006456,0.640982,0.061947
1172,Asguaard,0.018094,0.005690,0.703164,0.011726
1173,MIND: Path to Thalamus Enhanced Edition,0.018092,0.005362,0.625449,0.073746
1174,Front Lines,0.018081,0.001860,0.729345,0.000000
1175,AutoHeroes,0.018080,0.002845,0.669912,0.061947
1176,Unclaimed World,0.018065,0.007003,0.528993,0.097345
1177,Fighting Fantasy Legends,0.018057,0.005580,0.701639,0.014971
1178,Survivor Squad: Gauntlets,0.018040,0.006237,0.682248,0.032448
1179,El Dorado: The Golden City Builder - Prologue,0.018017,0.001751,0.727564,0.000000
1180,Netherverse,0.017999,0.009520,0.650847,0.000000
1181,Tank Hero VR,0.017996,0.002626,0.716519,0.022124
1182,Battleplan: American Civil War,0.017978,0.005362,0.662471,0.053097
1183,Gobbo's Gambit,0.017973,0.006128,0.696561,0.000000
1184,Wildlife Park 2 - Dino World,0.017965,0.004815,0.698305,0.026549
1185,The Race for the White House 2016,0.017964,0.005580,0.624926,0.070796
1186,Wildcard,0.017943,0.007659,0.677277,0.000000
1187,Starship Corporation,0.017882,0.007769,0.431742,0.112094
1188,Sentinel,0.017864,0.005909,0.694978,0.000000
1189,魔法之剑：起源,0.017862,0.005909,0.673043,0.038348
1190,DICETINY: The Lord of the Dice,0.017850,0.005362,0.698580,0.008850
1191,Heroes of Dire,0.017844,0.006237,0.690843,0.000000
1192,时间旅者(TimeWalker),0.017817,0.001751,0.696561,0.041298
1193,Distant Star: Revenant Fleet,0.017797,0.006128,0.647482,0.053097
1194,Steam Squad,0.017785,0.004924,0.575839,0.088496
1195,Groob,0.017781,0.001532,0.716519,0.016224
1196,World War Armies,0.017779,0.010942,0.614823,0.000000
1197,Victorian Mysteries: Woman in White,0.017769,0.003501,0.694363,0.034071
1198,Project Katharsis,0.017735,0.005580,0.693724,0.000000
1199,Towers of Altrac - Epic Defense Battles,0.017664,0.008973,0.646095,0.008850
1200,Kill The Bad Guy,0.017636,0.003501,0.691264,0.032448
1201,Defending Territory,0.017634,0.001641,0.688694,0.042773
1202,The Few,0.017611,0.005580,0.653498,0.048673
1203,Call Of The Mighty Warriors,0.017569,0.009738,0.597191,0.044248
1204,Redactem,0.017461,0.007441,0.646111,0.032448
1205,Vegas Slot,0.017458,0.001422,0.705873,0.016224
1206,Mermaid Colony,0.017448,0.002626,0.701365,0.015487
1207,Le Havre: The Inland Port,0.017420,0.003392,0.672837,0.042773
1208,7th Legion,0.017380,0.004924,0.661609,0.041298
1209,Desert Ashes,0.017362,0.004705,0.674208,0.030973
1210,See No Evil,0.017320,0.005799,0.675772,0.008850
1211,Autumn,0.017295,0.005143,0.681235,0.008850
1212,三国计-Q萌回合制卡牌,0.017288,0.008097,0.647099,0.000000
1213,Crazy Otto,0.017279,0.004705,0.684479,0.008850
1214,Moonshine Inc.,0.017265,0.007550,0.646559,0.021681
1215,Freight Tycoon Inc.,0.017147,0.012365,0.532742,0.032448
1216,Millennium 5 - The Battle of the Millennium,0.017145,0.006456,0.660700,0.013569
1217,Forgotten Myths CCG,0.017133,0.011052,0.586020,0.000000
1218,Void,0.017131,0.004049,0.684479,0.008850
1219,Kaiju-A-GoGo,0.017110,0.006565,0.649990,0.026549
1220,Hunters Of The Dead,0.017107,0.003283,0.675530,0.030973
1221,Surviving Medieval,0.017107,0.001860,0.680958,0.032448
1222,Fly and Destroy,0.017106,0.005799,0.669153,0.004425
1223,Frontline : Longest Day,0.017080,0.007222,0.634890,0.032448
1224,Dangerous,0.017072,0.006237,0.477636,0.100295
1225,The Mahjong Huntress,0.017049,0.005252,0.658097,0.030973
1226,Just Skill Shooter,0.017024,0.001970,0.634559,0.061947
1227,Farm World,0.016927,0.004158,0.655325,0.038348
1228,New Day: Cataclysm,0.016909,0.003939,0.678848,0.000000
1229,Take Thy Throne,0.016882,0.004815,0.666947,0.016224
1230,Space Hulk: Tactics,0.016845,0.008425,0.614878,0.025074
1231,Galactic Inheritors,0.016793,0.005362,0.476623,0.100295
1232,末法仙路,0.016723,0.012474,0.495042,0.041298
1233,Antisphere,0.016712,0.004267,0.665567,0.016224
1234,Tiestru,0.016623,0.004815,0.614094,0.054572
1235,Supreme: Pizza Empire,0.016579,0.003720,0.624420,0.053097
1236,300 Dwarves,0.016552,0.007222,0.601800,0.042773
1237,Trimmer Tycoon,0.016546,0.002188,0.676355,0.000000
1238,Ring the City,0.016537,0.006675,0.585997,0.056047
1239,Industry Empire,0.016437,0.014006,0.354154,0.061947
1240,Z Steel Soldiers,0.016390,0.005362,0.546131,0.076696
1241,World Of Conquerors,0.016382,0.004596,0.655610,0.000000
1242,Pro Farm Manager,0.016350,0.003720,0.474062,0.100295
1243,Aggression: Europe Under Fire,0.016263,0.004705,0.586310,0.061947
1244,Shipping Manager,0.016227,0.014115,0.450161,0.000000
1245,Medieval Defenders,0.016193,0.009848,0.409155,0.085546
1246,Happy Empire,0.016187,0.003283,0.647400,0.026549
1247,Alive 2 Survive: Tales from the Zombie Apocalypse,0.016170,0.001094,0.650847,0.032448
1248,The Campaign Series: Fall Weiss,0.016132,0.005033,0.618872,0.038348
1249,Dragon Souls,0.016110,0.004267,0.648946,0.000000
1250,Hotel Simulator 2024,0.016103,0.002188,0.512223,0.091445
1251,A Year Of Rain,0.016066,0.008863,0.431318,0.085546
1252,Arcane Worlds,0.016002,0.002298,0.594277,0.061947
1253,Direct Hit: Missile War,0.015909,0.006565,0.568241,0.053097
1254,Spectre,0.015900,0.008644,0.568241,0.030973
1255,The Book of Legends,0.015896,0.005143,0.632971,0.006490
1256,TownCraft,0.015883,0.004486,0.588946,0.054572
1257,Purgatory,0.015827,0.005471,0.623504,0.016224
1258,Lock's Quest,0.015812,0.004815,0.452732,0.095870
1259,Cosmic Dust & Rust,0.015807,0.007112,0.602340,0.016224
1260,Cosmonautica,0.015790,0.010395,0.485641,0.053097
1261,Born of Fire,0.015712,0.003283,0.642391,0.000000
1262,Impulse of War,0.015702,0.001532,0.650336,0.000000
1263,RECYCLE,0.015655,0.008973,0.492213,0.061947
1264,Breach & Clear: Deadline Rebirth (2016),0.015630,0.006565,0.537130,0.061947
1265,Moonlight Minions,0.015597,0.004815,0.625085,0.008850
1266,Gallic Wars: Battle Simulator,0.015573,0.003283,0.637288,0.004543
1267,Northern Regime,0.015559,0.000766,0.595121,0.056047
1268,Gods vs Humans,0.015540,0.006128,0.593540,0.030973
1269,天书江湖,0.015507,0.004049,0.629921,0.000000
1270,Star Nomad,0.015469,0.003939,0.628132,0.008850
1271,Selknam Defense,0.015464,0.002845,0.620731,0.030973
1272,Windy Kingdom,0.015415,0.011599,0.492291,0.014749
1273,Seven Nations,0.015404,0.001094,0.637223,0.016224
1274,Strategic War in Europe,0.015373,0.006784,0.569027,0.038348
1275,D.N.Age,0.015249,0.005252,0.591497,0.032448
1276,HoCWar,0.015164,0.007003,0.584950,0.000000
1277,Eisenwald: Blood of November,0.015162,0.004049,0.573878,0.050147
1278,Interstellaria,0.015085,0.005909,0.544320,0.053097
1279,Mechajammer,0.015071,0.003611,0.507425,0.076696
1280,reconquest,0.015063,0.002407,0.560773,0.060472
1281,蜀境传说-回合,0.015042,0.005033,0.604915,0.000000
1282,World War 2: Time of Wrath,0.014897,0.005252,0.596087,0.008850
1283,Quarantine,0.014879,0.004267,0.604451,0.010619
1284,Idle Chess Story,0.014823,0.005471,0.592505,0.000000
1285,环形战争,0.014733,0.003283,0.609029,0.000000
1286,Urja,0.014680,0.004596,0.580978,0.029499
1287,时之扉,0.014680,0.006565,0.573496,0.000000
1288,NS2: Combat,0.014641,0.007550,0.556939,0.000000
1289,Agenda,0.014521,0.003064,0.551691,0.053097
1290,Bakery Biz Tycoon,0.014501,0.001422,0.580289,0.041298
1291,Black Forest,0.014492,0.007878,0.540269,0.016224
1292,Skully Pinball,0.014415,0.001313,0.603170,0.016224
1293,Caislean: Paranormal,0.014299,0.002845,0.597064,0.000000
1294,Brazed,0.014293,0.004815,0.563065,0.030973
1295,Abduction Prologue: The Story Of Jonathan Blake,0.014210,0.001204,0.596544,0.016224
1296,Deadlock: Planetary Conquest,0.014133,0.003064,0.558577,0.041298
1297,Storm over the Pacific,0.014128,0.004596,0.575839,0.008850
1298,LA Cops,0.014106,0.004049,0.560217,0.033923
1299,Fantasy Hero Manager,0.014061,0.001422,0.564530,0.041298
1300,Royal Bounty HD,0.014061,0.005143,0.559905,0.022124
1301,Guild Commander,0.013997,0.003501,0.506678,0.061947
1302,RPG Tycoon,0.013913,0.004705,0.512555,0.053097
1303,War For Galaxy: New Era,0.013898,0.007878,0.522629,0.000000
1304,1953: NATO vs Warsaw Pact,0.013638,0.008425,0.499546,0.008850
1305,Robowars,0.013611,0.004158,0.549912,0.026549
1306,Ranger of the jungle,0.013488,0.004267,0.549912,0.020649
1307,Commander '85,0.013487,0.003392,0.564530,0.007670
1308,Wildlife Park 2 - Fantasy,0.013477,0.002079,0.571878,0.008850
1309,Victorian Admirals,0.013469,0.009301,0.365763,0.061947
1310,Front Page Sports Football,0.013383,0.012365,0.216900,0.053097
1311,Mechs & Mercs: Black Talons,0.013341,0.005033,0.485104,0.053097
1312,Etherlords,0.013302,0.008754,0.456914,0.030973
1313,Draconian Wars,0.013124,0.004377,0.516605,0.036873
1314,Habitat,0.013097,0.004486,0.355130,0.085546
1315,Airport Simulator 3: Day & Night,0.013084,0.004705,0.349951,0.085546
1316,Agricola: All Creatures Big and Small,0.013065,0.004049,0.543942,0.008982
1317,Battle Ranch: Pigs vs Plants,0.013043,0.007222,0.495777,0.016224
1318,So Many Cubes,0.012699,0.004377,0.524057,0.016224
1319,王权：三国,0.012640,0.003501,0.525656,0.022124
1320,Factory Engineer,0.012567,0.005033,0.479103,0.041504
1321,Darkwind,0.012551,0.004705,0.520739,0.000000
1322,Hero Generations,0.012546,0.003720,0.501752,0.036873
1323,Idle Medieval Tavern,0.012505,0.006018,0.501566,0.000000
1324,Shock Tactics,0.012363,0.004486,0.447404,0.054572
1325,Rise of the Ancients,0.012299,0.005909,0.448785,0.044248
1326,Stonedeep,0.012251,0.003830,0.469352,0.047198
1327,Party Tycoon,0.012170,0.004377,0.487582,0.032448
1328,Fantasy Kingdom Simulator,0.011995,0.005471,0.489095,0.008850
1329,Overlord: Fellowship of Evil,0.011772,0.010176,0.211265,0.054572
1330,Starion Tactics,0.011772,0.007112,0.372600,0.053097
1331,桌球大比拼,0.011526,0.006018,0.464945,0.000000
1332,高塔领主 Tower Lords,0.011519,0.005143,0.466414,0.022124
1333,The Entente Gold,0.011393,0.004267,0.478609,0.016224
1334,Zero-G VR,0.010713,0.001204,0.461219,0.030973
1335,Defense Grid 2: Steam Special Edition Upgrade,0.010676,0.000328,0.449207,0.038348
1336,3D PrintMaster Simulator Printer,0.010638,0.001860,0.455475,0.030973
1337,Spellcrafter,0.010623,0.004596,0.425278,0.032448
1338,Shallow Space,0.010406,0.004486,0.265664,0.070796
1339,Infect and Destroy,0.010341,0.001641,0.469912,0.000000
1340,Fallen: A2P Protocol,0.010337,0.004486,0.353779,0.054572
1341,US and THEM,0.010202,0.003939,0.433430,0.022124
1342,Distant Kingdoms,0.010139,0.004158,0.441474,0.000000
1343,Claustrophobia: The Downward Struggle,0.010105,0.002954,0.453097,0.000000
1344,The Legions of Rome,0.010014,0.003283,0.433956,0.022124
1345,Undead Overlord,0.010011,0.002188,0.285314,0.070796
1346,Shadows of War,0.009776,0.003939,0.423955,0.016224
1347,Basketball Pro Management 2015,0.009729,0.005799,0.292812,0.053097
1348,SweatShop,0.009648,0.004377,0.418561,0.008850
1349,The Gleam: VR Escape the Room,0.009500,0.004158,0.397677,0.026549
1350,Heroes of SoulCraft,0.009194,0.002954,0.421604,0.000000
1351,Evopollution,0.009025,0.003939,0.370763,0.032448
1352,Galaxy in Turmoil,0.008566,0.001860,0.408885,0.000000
1353,The Terminal 2,0.007023,0.003173,0.296635,0.032448
1354,Uprising44: The Silent Shadows,0.006722,0.001204,0.340579,0.016224
1355,Isomer,0.005691,0.001641,0.312739,0.000000
1356,Streamer Simulator,0.005670,0.001970,0.305251,0.008850
1357,Bridge!,0.005573,0.000985,0.257458,0.032448
1358,Game Tycoon 1.5,0.004477,0.004705,0.132147,0.008850
